interaction_id,agent_id,post_id,interaction_type,created_step,created_at
1,Agent_083,post_bfff980bdacc,like,2,2025-11-08 00:58:17
2,Agent_000,post_175234a41779,like,3,2025-11-08 00:58:22
3,Agent_028,post_175234a41779,like,3,2025-11-08 00:58:22
4,Agent_032,post_175234a41779,like,3,2025-11-08 00:58:22
5,Agent_077,post_175234a41779,like,3,2025-11-08 00:58:22
6,Agent_196,post_175234a41779,like,3,2025-11-08 00:58:22
7,Agent_045,post_673b6de74344,like,5,2025-11-08 00:58:31
8,Agent_053,post_ff1b266bc8eb,like,5,2025-11-08 00:58:31
9,Agent_072,post_7578e27d8eec,like,5,2025-11-08 00:58:31
10,Agent_137,post_2d0b00dabaa7,like,5,2025-11-08 00:58:31
11,Agent_150,post_673b6de74344,like,5,2025-11-08 00:58:31
12,Agent_045,reshare_d88494ac8820,like,6,2025-11-08 00:58:38
13,Agent_052,post_c59ccd2ba621,like,6,2025-11-08 00:58:38
14,Agent_107,post_7578e27d8eec,like,6,2025-11-08 00:58:38
15,Agent_023,reshare_d88494ac8820,like,7,2025-11-08 00:58:41
16,Agent_063,post_7bd22c1dfb22,like,7,2025-11-08 00:58:41
17,Agent_069,post_7578e27d8eec,like,7,2025-11-08 00:58:41
18,Agent_077,post_673b6de74344,like,7,2025-11-08 00:58:41
19,Agent_157,post_795eaa1e4901,like,7,2025-11-08 00:58:41
20,Agent_183,post_cca90437e775,like,7,2025-11-08 00:58:41
21,Agent_037,post_f1fbd471c33c,like,8,2025-11-08 00:58:44
22,Agent_044,post_2d0b00dabaa7,like,8,2025-11-08 00:58:44
23,Agent_051,post_9ed0e38bceeb,like,8,2025-11-08 00:58:44
24,Agent_069,post_8d2278fa70b1,like,8,2025-11-08 00:58:44
25,Agent_076,post_9ed0e38bceeb,like,8,2025-11-08 00:58:44
26,Agent_077,post_f1fbd471c33c,like,8,2025-11-08 00:58:44
27,Agent_125,post_6233c1af68a2,like,8,2025-11-08 00:58:44
28,Agent_126,post_cca90437e775,like,8,2025-11-08 00:58:44
29,Agent_153,post_7bd22c1dfb22,like,8,2025-11-08 00:58:44
30,Agent_036,post_ea6faacb07da,like,9,2025-11-08 00:58:50
31,Agent_140,post_9ed0e38bceeb,like,9,2025-11-08 00:58:50
32,Agent_036,post_28848d11cf07,like,10,2025-11-08 00:58:53
33,Agent_144,reshare_572c74eef789,like,10,2025-11-08 00:58:53
34,Agent_157,post_34cc1eded944,like,10,2025-11-08 00:58:53
35,Agent_182,post_bb7469b4e171,like,10,2025-11-08 00:58:53
36,Agent_029,post_3753a0537c32,like,11,2025-11-08 00:58:56
37,Agent_061,post_9ed0e38bceeb,like,11,2025-11-08 00:58:56
38,Agent_126,post_1fdb31666d06,like,11,2025-11-08 00:58:56
39,Agent_162,post_9ed0e38bceeb,like,11,2025-11-08 00:58:56
40,Agent_198,post_e7ca3cb6654b,like,12,2025-11-08 00:59:01
41,Agent_044,post_e0afec028924,like,13,2025-11-08 00:59:04
42,Agent_051,post_c96df6627c27,like,13,2025-11-08 00:59:04
43,Agent_086,post_b61c3c5588e4,like,13,2025-11-08 00:59:04
44,Agent_000,post_4c135f92cfa1,like,14,2025-11-08 00:59:07
45,Agent_014,post_a8f2e99b73ea,like,14,2025-11-08 00:59:07
46,Agent_016,post_c96df6627c27,like,14,2025-11-08 00:59:07
47,Agent_063,post_4c135f92cfa1,like,14,2025-11-08 00:59:07
48,Agent_118,post_b61c3c5588e4,like,14,2025-11-08 00:59:07
49,Agent_140,post_bee378a2138a,like,14,2025-11-08 00:59:07
50,Agent_045,post_fc14f3ef01f2,like,15,2025-11-08 00:59:12
51,Agent_052,post_1245783bfbe7,like,15,2025-11-08 00:59:12
52,Agent_077,post_fc14f3ef01f2,like,15,2025-11-08 00:59:12
53,Agent_179,post_b61c3c5588e4,like,15,2025-11-08 00:59:12
54,Agent_196,post_720d05b170ef,like,15,2025-11-08 00:59:12
55,Agent_037,post_948dde43274d,like,16,2025-11-08 00:59:16
56,Agent_048,post_2d0b00dabaa7,like,16,2025-11-08 00:59:16
57,Agent_135,post_223ebb13c44b,like,16,2025-11-08 00:59:16
58,Agent_190,post_e7ca3cb6654b,like,16,2025-11-08 00:59:16
59,Agent_035,post_3f8a85085ccf,like,17,2025-11-08 00:59:20
60,Agent_044,post_8563fe1915fb,like,17,2025-11-08 00:59:20
61,Agent_175,post_044df8beb1a2,like,17,2025-11-08 00:59:20
62,Agent_183,post_a8f2e99b73ea,like,17,2025-11-08 00:59:20
63,Agent_194,post_fc14f3ef01f2,like,17,2025-11-08 00:59:20
64,Agent_014,post_7bd8d392551b,like,18,2025-11-08 00:59:26
65,Agent_045,reshare_ffaa3b383ee4,like,18,2025-11-08 00:59:26
66,Agent_076,post_813807b39db8,like,18,2025-11-08 00:59:26
67,Agent_000,post_f39a7ee9cd53,like,19,2025-11-08 00:59:29
68,Agent_029,post_813807b39db8,like,19,2025-11-08 00:59:29
69,Agent_175,post_536d503a8d5f,like,19,2025-11-08 00:59:29
70,Agent_000,post_536d503a8d5f,like,20,2025-11-08 00:59:31
71,Agent_035,post_d0d56e5dda22,like,20,2025-11-08 00:59:31
72,Agent_036,post_813807b39db8,like,20,2025-11-08 00:59:31
73,Agent_107,post_813807b39db8,like,20,2025-11-08 00:59:31
74,Agent_150,post_fc14f3ef01f2,like,20,2025-11-08 00:59:31
75,Agent_157,post_e807f0d87533,like,20,2025-11-08 00:59:31
76,Agent_176,post_fc14f3ef01f2,like,20,2025-11-08 00:59:31
77,Agent_052,post_386e4494b1ba,like,21,2025-11-08 00:59:36
78,Agent_069,post_66744781f175,like,22,2025-11-08 00:59:39
79,Agent_135,post_089e7245d8ae,like,22,2025-11-08 00:59:39
80,Agent_014,post_2e8b6ca24241,like,24,2025-11-08 00:59:47
81,Agent_121,post_3743616eb40d,like,24,2025-11-08 00:59:47
82,Agent_125,post_b9af6c7632cb,like,24,2025-11-08 00:59:47
83,Agent_139,post_2129b97bf01d,like,24,2025-11-08 00:59:47
84,Agent_196,post_e4cf7d0419a6,like,24,2025-11-08 00:59:47
85,Agent_198,post_e807f0d87533,like,24,2025-11-08 00:59:47
86,Agent_000,post_e4cf7d0419a6,like,25,2025-11-08 00:59:51
87,Agent_122,post_7891b94569f9,like,25,2025-11-08 00:59:51
88,Agent_027,post_7884e37c45b7,like,26,2025-11-08 00:59:54
89,Agent_045,post_e807f0d87533,like,26,2025-11-08 00:59:54
90,Agent_063,reshare_512053642888,like,26,2025-11-08 00:59:54
91,Agent_072,post_05f2d60d9a18,like,26,2025-11-08 00:59:54
92,Agent_014,post_2bbbac4594c0,like,27,2025-11-08 00:59:59
93,Agent_196,post_afc84c24bc24,like,27,2025-11-08 00:59:59
94,Agent_048,post_c6f1a45d0064,like,28,2025-11-08 01:00:03
95,Agent_126,post_2e8b6ca24241,like,28,2025-11-08 01:00:03
96,Agent_137,post_2129b97bf01d,like,28,2025-11-08 01:00:03
97,Agent_144,reshare_512053642888,like,28,2025-11-08 01:00:03
98,Agent_077,post_8d3098afe11b,like,30,2025-11-08 01:00:11
99,Agent_125,post_3d07be065202,like,30,2025-11-08 01:00:11
100,Agent_198,post_9bf637cf49f3,like,30,2025-11-08 01:00:11
101,Agent_014,post_525d23c1df2e,like,31,2025-11-08 01:00:13
102,Agent_036,post_23c938d093e1,like,31,2025-11-08 01:00:13
103,Agent_014,post_025cd5467c88,like,33,2025-11-08 01:00:21
104,Agent_052,post_e242e26d60d8,like,33,2025-11-08 01:00:21
105,Agent_076,post_af5dc269312b,like,33,2025-11-08 01:00:21
106,Agent_121,post_f61416e57c96,like,33,2025-11-08 01:00:21
107,Agent_000,post_bac086815359,like,34,2025-11-08 01:00:24
108,Agent_137,post_c20346aacd27,like,34,2025-11-08 01:00:24
109,Agent_000,post_b4d3c6e1f890,like,35,2025-11-08 01:00:27
110,Agent_077,post_21d32ad46a51,like,35,2025-11-08 01:00:27
111,Agent_014,post_e6b65129ee49,like,36,2025-11-08 01:00:34
112,Agent_052,post_676990fa016b,like,36,2025-11-08 01:00:34
113,Agent_077,post_c232e9515f48,like,36,2025-11-08 01:00:34
114,Agent_121,post_72ca0a48cb00,like,36,2025-11-08 01:00:34
115,Agent_196,post_c232e9515f48,like,36,2025-11-08 01:00:34
116,Agent_098,post_2e8b6ca24241,like,38,2025-11-08 01:00:41
117,Agent_121,post_e5d60b6cf60d,like,39,2025-11-08 01:00:47
118,Agent_051,post_e6b65129ee49,like,40,2025-11-08 01:00:50
119,Agent_045,post_dc134b88a3a3,like,41,2025-11-08 01:00:53
120,Agent_052,post_72e5603cc6ab,like,42,2025-11-08 01:00:59
121,Agent_121,post_3b83744b491f,like,42,2025-11-08 01:00:59
122,Agent_157,post_3a1dac8b5838,like,43,2025-11-08 01:01:02
123,Agent_014,post_823d65d96cbe,like,44,2025-11-08 01:01:04
124,Agent_077,post_9a175069df1a,like,44,2025-11-08 01:01:04
125,Agent_048,post_49f8c250fd68,like,45,2025-11-08 01:01:10
126,Agent_196,post_c8f5ef8ac5a6,like,45,2025-11-08 01:01:10
127,Agent_121,post_8ca8e3e5285f,like,48,2025-11-08 01:01:21
128,Agent_139,post_6b9c67e0bbee,like,48,2025-11-08 01:01:21
129,Agent_196,post_4fc656632edc,like,48,2025-11-08 01:01:21
130,Agent_000,reshare_22e74328b0d4,like,49,2025-11-08 01:01:24
131,Agent_051,post_823d65d96cbe,like,49,2025-11-08 01:01:24
132,Agent_135,post_a7908feaf7c2,like,49,2025-11-08 01:01:24
133,Agent_014,post_d7384ecd57d2,like,50,2025-11-08 01:01:29
134,Agent_179,reshare_22e74328b0d4,like,50,2025-11-08 01:01:29
135,Agent_052,post_9f3e84c9d71f,like,51,2025-11-08 01:01:34
136,Agent_121,post_1c0b46206ad0,like,51,2025-11-08 01:01:34
137,Agent_045,post_1b3c41be98c2,like,52,2025-11-08 01:01:37
138,Agent_014,post_a5ea7c91dd9e,like,53,2025-11-08 01:01:42
139,Agent_014,post_296e1ea6f863,like,54,2025-11-08 01:01:48
140,Agent_077,post_e2c5d2cdf5c2,like,54,2025-11-08 01:01:48
141,Agent_121,post_dc9e48666940,like,54,2025-11-08 01:01:48
142,Agent_044,post_ee55f486fb18,like,55,2025-11-08 01:01:51
143,Agent_051,post_1bf77259ed9c,like,55,2025-11-08 01:01:51
144,Agent_063,post_161eb02499b1,like,55,2025-11-08 01:01:51
145,Agent_098,post_025cd5467c88,like,55,2025-11-08 01:01:51
146,Agent_014,post_1bf77259ed9c,like,57,2025-11-08 01:02:00
147,Agent_048,post_e4e517da6b40,like,57,2025-11-08 01:02:00
148,Agent_052,post_48af875da552,like,57,2025-11-08 01:02:00
149,Agent_077,post_5e59276c393c,like,57,2025-11-08 01:02:00
150,Agent_198,post_ad95e6de0c49,like,58,2025-11-08 01:02:03
151,Agent_014,post_b37821163b57,like,59,2025-11-08 01:02:06
152,Agent_137,post_7d92885cf27c,like,59,2025-11-08 01:02:06
153,Agent_121,post_72c3efd21e34,like,60,2025-11-08 01:02:11
154,Agent_196,post_bca78af4ad7d,like,60,2025-11-08 01:02:11
155,Agent_014,post_bca78af4ad7d,like,61,2025-11-08 01:02:14
156,Agent_061,post_365cfa849f5e,like,61,2025-11-08 01:02:14
157,Agent_086,post_cce6f7be2032,like,61,2025-11-08 01:02:14
158,Agent_088,post_3a7c11477569,like,61,2025-11-08 01:02:14
159,Agent_048,post_7d92885cf27c,like,63,2025-11-08 01:02:23
160,Agent_052,post_88e1e04594bc,like,63,2025-11-08 01:02:23
161,Agent_077,post_d94f6cc448bf,like,63,2025-11-08 01:02:23
162,Agent_139,post_f2068df95cc3,like,63,2025-11-08 01:02:23
163,Agent_196,post_fac29bfe4084,like,63,2025-11-08 01:02:23
164,Agent_137,post_08352a4f3766,like,64,2025-11-08 01:02:25
165,Agent_175,post_f693b86380c8,like,65,2025-11-08 01:02:29
166,Agent_198,post_08352a4f3766,like,65,2025-11-08 01:02:29
167,Agent_014,post_a2107a8addc4,like,66,2025-11-08 01:02:34
168,Agent_048,post_fc676ffbca4b,like,66,2025-11-08 01:02:34
169,Agent_052,post_97a8b956d1b4,like,66,2025-11-08 01:02:34
170,Agent_121,post_67c5a40ed0de,like,66,2025-11-08 01:02:34
171,Agent_088,post_8725640158f4,like,67,2025-11-08 01:02:37
172,Agent_121,post_a66354602cb0,like,69,2025-11-08 01:02:45
173,Agent_162,post_97a8b956d1b4,like,69,2025-11-08 01:02:45
174,Agent_194,post_673b6de74344,like,69,2025-11-08 01:02:45
175,Agent_000,post_a66354602cb0,like,70,2025-11-08 01:02:48
176,Agent_014,post_14aa0e7142c6,like,71,2025-11-08 01:02:51
177,Agent_045,post_d3793b8ea51b,like,71,2025-11-08 01:02:51
178,Agent_014,post_6a32d87d2979,like,72,2025-11-08 01:02:56
179,Agent_077,post_ca9fc9665145,like,72,2025-11-08 01:02:56
180,Agent_014,post_3da12fa0028d,like,73,2025-11-08 01:02:59
181,Agent_088,post_47be67ee8446,like,74,2025-11-08 01:03:02
182,Agent_126,post_025cd5467c88,like,74,2025-11-08 01:03:02
183,Agent_014,post_e9669b55a8f8,like,75,2025-11-08 01:03:06
184,Agent_052,post_c96aa7cab9d5,like,75,2025-11-08 01:03:06
185,Agent_196,post_10330af6a030,like,75,2025-11-08 01:03:06
186,Agent_051,post_652abd1263d8,like,76,2025-11-08 01:03:09
187,Agent_063,post_c9a931bca66c,like,76,2025-11-08 01:03:09
188,Agent_077,post_10330af6a030,like,76,2025-11-08 01:03:09
189,Agent_175,post_98450e1634d0,like,76,2025-11-08 01:03:09
190,Agent_196,post_ca9fc9665145,like,76,2025-11-08 01:03:09
191,Agent_137,post_e6d3efb7c18b,like,77,2025-11-08 01:03:12
192,Agent_014,post_313ac371a0f4,like,78,2025-11-08 01:03:17
193,Agent_139,post_2f194a265bd2,like,78,2025-11-08 01:03:17
194,Agent_135,post_536c53c7c1a9,like,79,2025-11-08 01:03:19
195,Agent_166,post_c96aa7cab9d5,like,79,2025-11-08 01:03:19
196,Agent_077,post_8a3535ed1ff0,like,80,2025-11-08 01:03:22
197,Agent_014,post_e9d96854934d,like,81,2025-11-08 01:03:27
198,Agent_052,post_0b323e6d0234,like,81,2025-11-08 01:03:27
199,Agent_121,post_24964e095642,like,81,2025-11-08 01:03:27
200,Agent_175,post_cc70883aeea9,like,82,2025-11-08 01:03:30
201,Agent_086,post_0b323e6d0234,like,83,2025-11-08 01:03:33
202,Agent_137,post_c2642074d2fc,like,83,2025-11-08 01:03:33
203,Agent_014,post_02cc547bb174,like,86,2025-11-08 01:03:43
204,Agent_077,post_27a69d272045,like,86,2025-11-08 01:03:43
205,Agent_014,post_c79414bf778d,like,87,2025-11-08 01:03:50
206,Agent_052,post_330939d3e52a,like,87,2025-11-08 01:03:50
207,Agent_121,post_a16eb42c1798,like,87,2025-11-08 01:03:50
208,Agent_000,post_a16eb42c1798,like,88,2025-11-08 01:03:54
209,Agent_014,post_d738c464a473,like,88,2025-11-08 01:03:54
210,Agent_061,post_652abd1263d8,like,88,2025-11-08 01:03:54
211,Agent_105,post_f98393627efa,like,88,2025-11-08 01:03:54
212,Agent_014,post_c8fd2d624b6e,like,90,2025-11-08 01:04:02
213,Agent_048,post_8a333b5719f6,like,90,2025-11-08 01:04:02
214,Agent_052,post_c76d132e673b,like,90,2025-11-08 01:04:02
215,Agent_139,post_c2642074d2fc,like,90,2025-11-08 01:04:03
216,Agent_198,post_3fe36e9541a6,like,92,2025-11-08 01:04:09
217,Agent_014,post_5b34c576683d,like,93,2025-11-08 01:04:17
218,Agent_052,post_5b0f912cf32e,like,93,2025-11-08 01:04:17
219,Agent_014,post_c03e84c8e84d,like,96,2025-11-08 01:04:29
220,Agent_121,post_fd82beeb5ae7,like,96,2025-11-08 01:04:29
221,Agent_196,post_767ef53d07dd,like,96,2025-11-08 01:04:29
222,Agent_029,post_5ff84cb996ce,like,97,2025-11-08 01:04:32
223,Agent_036,post_2488e55a4306,like,97,2025-11-08 01:04:32
224,Agent_196,post_da72b76cbca5,like,98,2025-11-08 01:04:35
225,Agent_014,post_3ac477c1f0a6,like,99,2025-11-08 01:04:41
226,Agent_077,post_da72b76cbca5,like,99,2025-11-08 01:04:41
227,Agent_121,post_a3bacdc91bdd,like,99,2025-11-08 01:04:41
228,Agent_000,post_bd8294f08892,like,101,2025-11-08 01:04:46
229,Agent_014,post_5920a4a3c2c7,like,102,2025-11-08 01:04:51
230,Agent_139,post_7966c5020d90,like,102,2025-11-08 01:04:51
231,Agent_029,post_9b23176ae417,like,103,2025-11-08 01:04:55
232,Agent_044,post_ab3fd00c999a,like,103,2025-11-08 01:04:55
233,Agent_014,post_d6c570bf879a,like,104,2025-11-08 01:04:59
234,Agent_051,post_21c163ae54d1,like,104,2025-11-08 01:04:59
235,Agent_121,post_23ec78b9af26,like,104,2025-11-08 01:04:59
236,Agent_048,post_9aabbe2ee221,like,105,2025-11-08 01:05:04
237,Agent_014,post_1bcc489a95ed,like,106,2025-11-08 01:05:06
238,Agent_051,post_809fb772fce1,like,107,2025-11-08 01:05:09
239,Agent_121,post_7edc82dd70f3,like,108,2025-11-08 01:05:13
240,Agent_139,post_d2ecf77e2134,like,108,2025-11-08 01:05:13
241,Agent_061,post_809fb772fce1,like,109,2025-11-08 01:05:16
242,Agent_036,post_6268cb6f6e17,like,110,2025-11-08 01:05:19
243,Agent_077,post_9288f67ad87d,like,110,2025-11-08 01:05:19
244,Agent_196,post_5d030b69ac9c,like,110,2025-11-08 01:05:19
245,Agent_077,post_5d030b69ac9c,like,111,2025-11-08 01:05:25
246,Agent_121,post_7e753d720017,like,111,2025-11-08 01:05:25
247,Agent_003,post_116dc628f274,like,112,2025-11-08 01:05:28
248,Agent_003,post_e8cb3ccbb556,like,113,2025-11-08 01:05:31
249,Agent_175,post_970ecb8d9bcd,like,113,2025-11-08 01:05:31
250,Agent_003,post_d9697ba0110d,like,114,2025-11-08 01:05:36
251,Agent_139,post_6a940f68cdad,like,114,2025-11-08 01:05:36
252,Agent_014,post_d9697ba0110d,like,115,2025-11-08 01:05:39
253,Agent_045,post_277b8be58373,like,115,2025-11-08 01:05:39
254,Agent_029,post_d9697ba0110d,like,116,2025-11-08 01:05:41
255,Agent_014,post_1e1b7c4e110b,like,117,2025-11-08 01:05:47
256,Agent_052,post_0d6ababc351e,like,117,2025-11-08 01:05:47
257,Agent_135,post_b154433363ae,like,118,2025-11-08 01:05:50
258,Agent_039,post_0d6ababc351e,like,119,2025-11-08 01:05:53
259,Agent_014,post_0fbfbdc2b550,like,120,2025-11-08 01:05:58
260,Agent_121,post_b5e2be37d79c,like,120,2025-11-08 01:05:58
261,Agent_101,post_e8cb3ccbb556,like,121,2025-11-08 01:06:00
262,Agent_036,post_a0ca24170046,like,122,2025-11-08 01:06:03
263,Agent_053,post_1e1b7c4e110b,like,122,2025-11-08 01:06:03
264,Agent_014,post_8cf3468cf2cd,like,123,2025-11-08 01:06:08
265,Agent_052,post_585213b434ba,like,123,2025-11-08 01:06:08
266,Agent_051,post_448d269583b8,like,124,2025-11-08 01:06:11
267,Agent_044,post_716907622a7f,like,125,2025-11-08 01:06:14
268,Agent_014,post_85ee2a28341c,like,126,2025-11-08 01:06:20
269,Agent_121,post_114158c35677,like,126,2025-11-08 01:06:20
270,Agent_045,post_f6b765f8ffee,like,127,2025-11-08 01:06:23
271,Agent_196,post_14d6276f017c,like,127,2025-11-08 01:06:23
272,Agent_077,post_14d6276f017c,like,128,2025-11-08 01:06:25
273,Agent_052,post_fe547bea4330,like,129,2025-11-08 01:06:30
274,Agent_077,post_e624e8fb6b94,like,129,2025-11-08 01:06:30
275,Agent_196,post_e624e8fb6b94,like,129,2025-11-08 01:06:31
276,Agent_045,post_93408d5b39c0,like,131,2025-11-08 01:06:36
277,Agent_014,post_6c5e6206f498,like,132,2025-11-08 01:06:40
278,Agent_052,post_7e417c6c48e4,like,132,2025-11-08 01:06:40
279,Agent_121,post_6ca9c15a79d1,like,132,2025-11-08 01:06:40
280,Agent_014,post_ffac8c04350e,like,133,2025-11-08 01:06:44
281,Agent_063,post_6ed4cbd6ea44,like,134,2025-11-08 01:06:46
282,Agent_003,post_210b92f60944,like,135,2025-11-08 01:06:53
283,Agent_036,post_a1db792cd7e3,like,136,2025-11-08 01:06:56
284,Agent_014,post_9b0022b89293,like,137,2025-11-08 01:06:59
285,Agent_003,post_1ee6e1fb2aa6,like,138,2025-11-08 01:07:04
286,Agent_014,post_74dc99b26c1b,like,138,2025-11-08 01:07:04
287,Agent_052,post_a0016b3d360a,like,138,2025-11-08 01:07:04
288,Agent_121,post_78e9f67ecc42,like,138,2025-11-08 01:07:04
289,Agent_089,post_046c1a3c6611,like,139,2025-11-08 01:07:07
290,Agent_003,post_3cac7cdf14c1,like,140,2025-11-08 01:07:10
291,Agent_052,post_b2b21c3229ba,like,141,2025-11-08 01:07:15
292,Agent_051,post_58b01b2d0319,like,142,2025-11-08 01:07:19
293,Agent_088,post_3cac7cdf14c1,like,142,2025-11-08 01:07:19
294,Agent_014,post_b52f7f921e7d,like,143,2025-11-08 01:07:22
295,Agent_051,post_b3571d614632,like,143,2025-11-08 01:07:22
296,Agent_003,post_98095f1abd97,like,144,2025-11-08 01:07:27
297,Agent_052,post_f21e1b88b01b,like,144,2025-11-08 01:07:27
298,Agent_061,post_b3571d614632,like,145,2025-11-08 01:07:30
299,Agent_088,post_98095f1abd97,like,145,2025-11-08 01:07:30
300,Agent_014,post_904acb9376de,like,146,2025-11-08 01:07:33
301,Agent_177,post_fe547bea4330,like,146,2025-11-08 01:07:33
302,Agent_014,post_1ff3fe71d498,like,147,2025-11-08 01:07:38
303,Agent_077,post_0efceb35a15d,like,147,2025-11-08 01:07:38
304,Agent_028,post_37ba637d6b15,like,148,2025-11-08 01:07:41
305,Agent_137,post_046c1a3c6611,like,148,2025-11-08 01:07:41
306,Agent_003,post_5c650f1ae674,like,150,2025-11-08 01:07:49
307,Agent_121,post_1ff3fe71d498,like,150,2025-11-08 01:07:49
308,Agent_089,post_41cf9fb6411e,like,151,2025-11-08 01:07:52
309,Agent_003,post_dc93ea59bcfa,like,152,2025-11-08 01:07:55
310,Agent_089,post_845ac5c601d9,like,152,2025-11-08 01:07:55
311,Agent_196,post_0efceb35a15d,like,152,2025-11-08 01:07:55
312,Agent_003,post_de7c778ca01b,like,153,2025-11-08 01:08:00
313,Agent_014,post_de7c778ca01b,like,153,2025-11-08 01:08:00
314,Agent_052,post_6938f73eaba1,like,153,2025-11-08 01:08:00
315,Agent_099,post_de7c778ca01b,like,153,2025-11-08 01:08:00
316,Agent_121,post_9ca53b9dece5,like,153,2025-11-08 01:08:00
317,Agent_061,post_de7c778ca01b,like,154,2025-11-08 01:08:03
318,Agent_045,post_9fcfd62453d2,like,155,2025-11-08 01:08:05
319,Agent_137,post_41cf9fb6411e,like,155,2025-11-08 01:08:05
320,Agent_177,post_de7c778ca01b,like,155,2025-11-08 01:08:06
321,Agent_003,post_0f1ebee06316,like,156,2025-11-08 01:08:11
322,Agent_052,post_812c30d2b682,like,156,2025-11-08 01:08:11
323,Agent_077,post_c3a7f9631f81,like,156,2025-11-08 01:08:11
324,Agent_044,post_e7901d661739,like,157,2025-11-08 01:08:13
325,Agent_198,post_de7c778ca01b,like,157,2025-11-08 01:08:13
326,Agent_028,post_c3a7f9631f81,like,158,2025-11-08 01:08:16
327,Agent_003,post_bb9cfa27fecd,like,159,2025-11-08 01:08:22
328,Agent_014,post_35683d54753a,like,159,2025-11-08 01:08:22
329,Agent_121,post_ff385470f390,like,159,2025-11-08 01:08:22
330,Agent_196,post_c3a7f9631f81,like,159,2025-11-08 01:08:22
331,Agent_003,post_3e8f84e1f4a6,like,160,2025-11-08 01:08:25
332,Agent_014,post_56ad17829f74,like,160,2025-11-08 01:08:25
333,Agent_061,post_80b8ad8cfca1,like,160,2025-11-08 01:08:25
334,Agent_028,post_f0fa1495c772,like,161,2025-11-08 01:08:28
335,Agent_121,post_56ad17829f74,like,161,2025-11-08 01:08:28
336,Agent_196,post_f0fa1495c772,like,161,2025-11-08 01:08:28
337,Agent_003,post_b12a18c4f9e2,like,162,2025-11-08 01:08:34
338,Agent_014,post_c5f32458d5e6,like,162,2025-11-08 01:08:34
339,Agent_003,post_6c928378eab4,like,163,2025-11-08 01:08:37
340,Agent_045,post_2dfdec59ab1d,like,163,2025-11-08 01:08:37
341,Agent_014,post_6c928378eab4,like,164,2025-11-08 01:08:41
342,Agent_137,post_8a019ee650d8,like,164,2025-11-08 01:08:41
343,Agent_052,post_537f7457653a,like,165,2025-11-08 01:08:46
344,Agent_077,post_f0fa1495c772,like,165,2025-11-08 01:08:46
345,Agent_045,post_bebb1ae8c7b8,like,166,2025-11-08 01:08:49
346,Agent_063,post_3e8f84e1f4a6,like,166,2025-11-08 01:08:49
347,Agent_088,post_7358ee870896,like,166,2025-11-08 01:08:49
348,Agent_089,post_6c928378eab4,like,166,2025-11-08 01:08:49
349,Agent_063,post_58a3b20f555f,like,167,2025-11-08 01:08:52
350,Agent_003,post_9f4a567df167,like,168,2025-11-08 01:08:57
351,Agent_052,post_ca4cdcf8067b,like,168,2025-11-08 01:08:57
352,Agent_036,post_7b67d08dd3da,like,169,2025-11-08 01:09:00
353,Agent_069,post_58a3b20f555f,like,169,2025-11-08 01:09:00
354,Agent_045,post_58a3b20f555f,like,170,2025-11-08 01:09:03
355,Agent_003,post_082f99ddce2f,like,171,2025-11-08 01:09:10
356,Agent_121,post_53ca0697ea9f,like,171,2025-11-08 01:09:10
357,Agent_003,post_be09e0105562,like,172,2025-11-08 01:09:13
358,Agent_003,post_151b953f5849,like,173,2025-11-08 01:09:16
359,Agent_003,post_028462e4402d,like,174,2025-11-08 01:09:22
360,Agent_014,post_151b953f5849,like,174,2025-11-08 01:09:22
361,Agent_052,post_fc60438bec6d,like,174,2025-11-08 01:09:22
362,Agent_121,reshare_f3e837ba81aa,like,174,2025-11-08 01:09:22
363,Agent_196,post_103310d837c8,like,174,2025-11-08 01:09:22
364,Agent_014,post_b1177913d77a,like,175,2025-11-08 01:09:25
365,Agent_198,post_38708a1eefba,like,175,2025-11-08 01:09:25
366,Agent_077,post_103310d837c8,like,176,2025-11-08 01:09:28
367,Agent_088,post_25166b7af9fa,like,176,2025-11-08 01:09:28
368,Agent_003,post_6816bbdd037c,like,177,2025-11-08 01:09:35
369,Agent_088,post_cf7116fcfdc7,like,179,2025-11-08 01:09:40
370,Agent_003,post_1c2fbd0131ea,like,180,2025-11-08 01:09:45
371,Agent_014,post_d4d002076105,like,180,2025-11-08 01:09:45
372,Agent_003,post_02c650e36bb8,like,183,2025-11-08 01:09:56
373,Agent_014,post_acb1e42fb76a,like,183,2025-11-08 01:09:56
374,Agent_121,post_99ec8794948b,like,183,2025-11-08 01:09:56
375,Agent_196,post_1a3cc9b193de,like,183,2025-11-08 01:09:56
376,Agent_051,post_0aabfb78e8c9,like,184,2025-11-08 01:09:59
377,Agent_077,post_1a3cc9b193de,like,184,2025-11-08 01:09:59
378,Agent_198,post_b81062b6c04b,like,184,2025-11-08 01:09:59
379,Agent_003,post_0aabfb78e8c9,like,185,2025-11-08 01:10:02
380,Agent_086,post_0aabfb78e8c9,like,185,2025-11-08 01:10:02
381,Agent_088,post_acb1e42fb76a,like,185,2025-11-08 01:10:02
382,Agent_177,post_0aabfb78e8c9,like,185,2025-11-08 01:10:02
383,Agent_003,post_463260f10111,like,186,2025-11-08 01:10:07
384,Agent_014,reshare_5c967293f737,like,186,2025-11-08 01:10:07
385,Agent_077,post_986b8091d2c8,like,186,2025-11-08 01:10:07
386,Agent_014,post_c93030274300,like,187,2025-11-08 01:10:10
387,Agent_045,post_03fc07450659,like,187,2025-11-08 01:10:10
388,Agent_196,post_986b8091d2c8,like,187,2025-11-08 01:10:10
389,Agent_198,post_0aabfb78e8c9,like,187,2025-11-08 01:10:10
390,Agent_061,post_0aabfb78e8c9,like,188,2025-11-08 01:10:13
391,Agent_003,post_0d6d02ef2fb4,like,189,2025-11-08 01:10:18
392,Agent_014,post_0c96011d0604,like,189,2025-11-08 01:10:18
393,Agent_061,post_2b8d882a1567,like,190,2025-11-08 01:10:21
394,Agent_072,post_2b5cc4adc56f,like,190,2025-11-08 01:10:21
395,Agent_014,post_0d6d02ef2fb4,like,191,2025-11-08 01:10:24
396,Agent_086,post_2b5cc4adc56f,like,191,2025-11-08 01:10:24
397,Agent_014,post_cfaa280ec3e1,like,192,2025-11-08 01:10:30
398,Agent_052,post_1c0241db23ba,like,192,2025-11-08 01:10:30
399,Agent_044,post_a9cd349ef8ee,like,193,2025-11-08 01:10:33
400,Agent_137,post_f0d538d89891,like,193,2025-11-08 01:10:33
401,Agent_147,post_f0d538d89891,like,194,2025-11-08 01:10:36
402,Agent_014,post_e17f246d94be,like,195,2025-11-08 01:10:41
403,Agent_052,post_57661cbd5f09,like,195,2025-11-08 01:10:41
404,Agent_077,post_36f54b2b8082,like,195,2025-11-08 01:10:41
405,Agent_121,post_b78fcef82f95,like,195,2025-11-08 01:10:41
406,Agent_089,post_e17f246d94be,like,197,2025-11-08 01:10:46
407,Agent_196,post_36f54b2b8082,like,197,2025-11-08 01:10:46
408,Agent_003,post_f7ef812388b5,like,198,2025-11-08 01:10:52
409,Agent_048,post_be09e0105562,like,198,2025-11-08 01:10:52
410,Agent_052,post_fff9926676a2,like,198,2025-11-08 01:10:52
411,Agent_121,post_3586f83addbd,like,198,2025-11-08 01:10:52
412,Agent_092,post_f7ef812388b5,like,200,2025-11-08 01:10:58
413,Agent_003,post_2216bae1f2c2,like,201,2025-11-08 01:11:03
414,Agent_014,post_87b2eeb494d3,like,201,2025-11-08 01:11:03
415,Agent_063,post_2216bae1f2c2,like,202,2025-11-08 01:11:06
416,Agent_051,post_9625f5623146,like,203,2025-11-08 01:11:09
417,Agent_014,post_a57641fc67d2,like,204,2025-11-08 01:11:15
418,Agent_077,post_57348ba9f751,like,204,2025-11-08 01:11:15
419,Agent_196,post_5448350a48b1,like,204,2025-11-08 01:11:15
420,Agent_028,post_57348ba9f751,like,205,2025-11-08 01:11:18
421,Agent_063,post_7572d6c3225d,like,205,2025-11-08 01:11:18
422,Agent_089,post_a57641fc67d2,like,205,2025-11-08 01:11:18
423,Agent_121,post_323373078060,like,205,2025-11-08 01:11:18
424,Agent_196,post_57348ba9f751,like,207,2025-11-08 01:11:26
425,Agent_061,post_a57641fc67d2,like,208,2025-11-08 01:11:29
426,Agent_088,post_88c05762bfd0,like,209,2025-11-08 01:11:32
427,Agent_121,post_e7b2ff859118,like,210,2025-11-08 01:11:37
428,Agent_045,post_de706dd3e0c2,like,211,2025-11-08 01:11:40
429,Agent_014,post_767508511247,like,213,2025-11-08 01:11:48
430,Agent_052,post_d5f278821484,like,213,2025-11-08 01:11:48
431,Agent_077,post_5945b15fe4ae,like,213,2025-11-08 01:11:48
432,Agent_045,post_fbe04a62066a,like,214,2025-11-08 01:11:51
433,Agent_196,post_5945b15fe4ae,like,215,2025-11-08 01:11:55
434,Agent_121,post_3ec071e46380,like,216,2025-11-08 01:12:01
435,Agent_177,post_767508511247,like,218,2025-11-08 01:12:07
436,Agent_014,post_325bdf3d7b74,like,219,2025-11-08 01:12:11
437,Agent_088,post_b6097e4e238e,like,221,2025-11-08 01:12:17
438,Agent_014,post_c3e1057d487d,like,222,2025-11-08 01:12:23
439,Agent_052,post_c02cb01aced7,like,222,2025-11-08 01:12:23
440,Agent_014,post_ad5032979eee,like,224,2025-11-08 01:12:29
441,Agent_014,post_2c75324ed034,like,225,2025-11-08 01:12:35
442,Agent_077,post_56d167e88204,like,225,2025-11-08 01:12:35
443,Agent_196,post_56d167e88204,like,227,2025-11-08 01:12:41
444,Agent_014,post_7fe7cb39e81e,like,228,2025-11-08 01:12:46
445,Agent_086,post_2c75324ed034,like,229,2025-11-08 01:12:49
446,Agent_051,post_cf65fd9d1223,like,230,2025-11-08 01:12:52
447,Agent_014,post_cf65fd9d1223,like,231,2025-11-08 01:13:00
448,Agent_052,post_651e1d64968b,like,231,2025-11-08 01:13:00
449,Agent_121,post_abf015333a87,like,231,2025-11-08 01:13:00
450,Agent_014,post_436a692dfee3,like,232,2025-11-08 01:13:04
451,Agent_061,post_cf65fd9d1223,like,233,2025-11-08 01:13:08
452,Agent_014,post_729ab9407e0d,like,234,2025-11-08 01:13:13
453,Agent_077,post_b5a4eb21e3ca,like,234,2025-11-08 01:13:13
454,Agent_196,post_aca788106f1a,like,234,2025-11-08 01:13:13
455,Agent_086,post_ed9fb75b04e4,like,235,2025-11-08 01:13:16
456,Agent_092,post_dfc984dc4926,like,236,2025-11-08 01:13:19
457,Agent_077,post_aca788106f1a,like,238,2025-11-08 01:13:27
458,Agent_147,post_828a4dfe2831,like,238,2025-11-08 01:13:27
459,Agent_036,post_394497ca3789,like,239,2025-11-08 01:13:30
460,Agent_051,post_107817056fe6,like,239,2025-11-08 01:13:30
461,Agent_014,post_a85ebf0f7f91,like,240,2025-11-08 01:13:36
462,Agent_052,post_44ed3e840626,like,240,2025-11-08 01:13:36
463,Agent_029,post_c932cda7916d,like,241,2025-11-08 01:13:38
464,Agent_198,post_cf65fd9d1223,like,242,2025-11-08 01:13:41
465,Agent_014,post_717227b4d791,like,243,2025-11-08 01:13:47
466,Agent_052,post_c98ca6d907e2,like,243,2025-11-08 01:13:47
467,Agent_077,post_c6f8967420ef,like,243,2025-11-08 01:13:47
468,Agent_196,post_d7696bd29624,like,244,2025-11-08 01:13:50
469,Agent_045,post_d7696bd29624,like,245,2025-11-08 01:13:53
470,Agent_063,post_cc6b2e5654db,like,245,2025-11-08 01:13:53
471,Agent_014,post_3204a7a25d29,like,246,2025-11-08 01:13:58
472,Agent_063,post_c12246717100,like,247,2025-11-08 01:14:00
473,Agent_014,post_7b758d8099dd,like,248,2025-11-08 01:14:03
474,Agent_051,post_7b758d8099dd,like,248,2025-11-08 01:14:03
475,Agent_052,post_c5e06ec060a6,like,249,2025-11-08 01:14:08
476,Agent_121,post_73b70c6738bc,like,249,2025-11-08 01:14:08
477,Agent_196,post_3204a7a25d29,like,249,2025-11-08 01:14:08
478,Agent_045,post_2705b88931fa,like,251,2025-11-08 01:14:13
479,Agent_014,post_85ff4409a373,like,252,2025-11-08 01:14:19
480,Agent_052,post_67efeda44e16,like,252,2025-11-08 01:14:19
481,Agent_061,post_7b758d8099dd,like,253,2025-11-08 01:14:22
482,Agent_013,post_85ff4409a373,like,254,2025-11-08 01:14:25
483,Agent_029,post_4438c322734b,like,254,2025-11-08 01:14:25
484,Agent_014,post_d27cbf281d30,like,255,2025-11-08 01:14:30
485,Agent_052,post_7ef9a0cf3bca,like,255,2025-11-08 01:14:30
486,Agent_077,post_349cc6294d1c,like,255,2025-11-08 01:14:30
487,Agent_196,post_349cc6294d1c,like,255,2025-11-08 01:14:30
488,Agent_088,post_e22e079b8455,like,256,2025-11-08 01:14:33
489,Agent_051,post_e8569f00fa48,like,257,2025-11-08 01:14:36
490,Agent_198,post_85ff4409a373,like,257,2025-11-08 01:14:36
491,Agent_014,post_36460de2ab60,like,258,2025-11-08 01:14:41
492,Agent_052,post_e1283b9a9e02,like,258,2025-11-08 01:14:41
493,Agent_060,post_cdb96ad7fba9,like,259,2025-11-08 01:14:43
494,Agent_077,post_459528e9ec25,like,259,2025-11-08 01:14:43
495,Agent_086,post_cf12a0307c64,like,259,2025-11-08 01:14:43
496,Agent_014,post_eb3c33b94f23,like,261,2025-11-08 01:14:51
497,Agent_052,post_2379a525e2fc,like,261,2025-11-08 01:14:51
498,Agent_198,post_36460de2ab60,like,262,2025-11-08 01:14:54
499,Agent_014,post_1cf2ea60e5f6,like,263,2025-11-08 01:14:57
500,Agent_045,post_cdb96ad7fba9,like,263,2025-11-08 01:14:57
501,Agent_088,post_6d7d0737926c,like,263,2025-11-08 01:14:57
502,Agent_196,post_459528e9ec25,like,264,2025-11-08 01:15:02
503,Agent_014,post_fb33f9e13115,like,266,2025-11-08 01:15:08
504,Agent_014,post_e69f018df634,like,267,2025-11-08 01:15:13
505,Agent_045,post_258911bde366,like,268,2025-11-08 01:15:16
506,Agent_051,post_fb33f9e13115,like,268,2025-11-08 01:15:16
507,Agent_052,post_be004ef69b07,like,270,2025-11-08 01:15:24
508,Agent_196,post_e69f018df634,like,270,2025-11-08 01:15:24
509,Agent_052,post_e55c612cd56e,like,273,2025-11-08 01:15:35
510,Agent_077,post_cb77c45f6d98,like,273,2025-11-08 01:15:35
511,Agent_029,post_0d0f0a90a8df,like,274,2025-11-08 01:15:37
512,Agent_036,post_29206581c6c2,like,274,2025-11-08 01:15:37
513,Agent_063,post_371f3f017ff5,like,274,2025-11-08 01:15:37
514,Agent_045,post_e5af4fa14ab8,like,275,2025-11-08 01:15:40
515,Agent_051,post_0d0f0a90a8df,like,275,2025-11-08 01:15:40
516,Agent_077,post_e6328a04c9ee,like,276,2025-11-08 01:15:45
517,Agent_088,post_f5225b4167c3,like,277,2025-11-08 01:15:49
518,Agent_060,reshare_e8cfaf3a9b2e,like,281,2025-11-08 01:16:03
519,Agent_077,post_c149893f45f5,like,282,2025-11-08 01:16:07
520,Agent_051,post_dbb1911f87e3,like,283,2025-11-08 01:16:10
521,Agent_044,reshare_43fe0b49d123,like,284,2025-11-08 01:16:13
522,Agent_088,post_0d472d39f395,like,284,2025-11-08 01:16:13
523,Agent_196,post_696a48fea97e,like,285,2025-11-08 01:16:18
524,Agent_034,post_aaa613d1553b,like,290,2025-11-08 01:16:35
525,Agent_052,post_9820a295ecc1,like,291,2025-11-08 01:16:39
526,Agent_077,post_696a48fea97e,like,291,2025-11-08 01:16:39
527,Agent_196,post_81c1f31ce7b1,like,291,2025-11-08 01:16:39
528,Agent_077,post_a05263b914dc,like,297,2025-11-08 01:17:01
529,Agent_108,post_d0d846919ce1,like,297,2025-11-08 01:17:01
530,Agent_196,post_df4211aace26,like,297,2025-11-08 01:17:01
531,Agent_051,post_8ded1d1581c8,like,299,2025-11-08 01:17:06
532,Agent_042,post_8ded1d1581c8,like,301,2025-11-08 01:17:14
533,Agent_146,reshare_405c093f1394,like,301,2025-11-08 01:17:14
534,Agent_077,post_df4211aace26,like,302,2025-11-08 01:17:17
535,Agent_077,post_226dba55b9e0,like,303,2025-11-08 01:17:22
536,Agent_196,post_226dba55b9e0,like,303,2025-11-08 01:17:22
537,Agent_044,post_6ef915508b6c,like,304,2025-11-08 01:17:25
538,Agent_157,post_95c0e267b3ee,like,305,2025-11-08 01:17:28
539,Agent_052,post_6c98cf229c38,like,306,2025-11-08 01:17:32
540,Agent_063,post_053634936ba6,like,308,2025-11-08 01:17:38
541,Agent_029,post_99ceb37b2361,like,311,2025-11-08 01:17:49
542,Agent_051,post_3cf40055069e,like,311,2025-11-08 01:17:49
543,Agent_045,reshare_32ef1f19a2c6,like,314,2025-11-08 01:17:59
544,Agent_052,post_0dbb151fdfe0,like,315,2025-11-08 01:18:05
545,Agent_196,post_eca1d4ec31e8,like,315,2025-11-08 01:18:05
546,Agent_051,post_1fab62275e43,like,316,2025-11-08 01:18:07
547,Agent_137,post_07fbdc590fe6,like,316,2025-11-08 01:18:07
548,Agent_146,post_3cf40055069e,like,316,2025-11-08 01:18:07
549,Agent_063,post_c7513a205309,like,317,2025-11-08 01:18:10
550,Agent_077,post_2d5a43a4e766,like,318,2025-11-08 01:18:15
551,Agent_196,post_2d2917c324a9,like,318,2025-11-08 01:18:15
552,Agent_140,post_dfc984dc4926,like,319,2025-11-08 01:18:18
553,Agent_143,post_9d1e5ae279c0,like,319,2025-11-08 01:18:18
554,Agent_137,post_dc1af4ed4fe4,like,322,2025-11-08 01:18:29
555,Agent_077,post_c859b06ad11d,like,324,2025-11-08 01:18:39
556,Agent_029,post_5276eee82ce3,like,325,2025-11-08 01:18:42
557,Agent_061,post_36460de2ab60,like,326,2025-11-08 01:18:46
558,Agent_137,post_3d353fd95d27,like,329,2025-11-08 01:18:57
559,Agent_157,post_3d353fd95d27,like,332,2025-11-08 01:19:11
560,Agent_143,post_acecfd551928,like,333,2025-11-08 01:19:15
561,Agent_029,post_694ceade7683,like,335,2025-11-08 01:19:21
562,Agent_077,post_22843b2d2349,like,336,2025-11-08 01:19:26
563,Agent_001,post_22843b2d2349,like,337,2025-11-08 01:19:29
564,Agent_077,post_1cc9416c9308,like,337,2025-11-08 01:19:29
565,Agent_086,post_58ec67504be5,like,338,2025-11-08 01:19:32
566,Agent_196,post_22843b2d2349,like,338,2025-11-08 01:19:32
567,Agent_143,post_1d981028428f,like,339,2025-11-08 01:19:37
568,Agent_077,post_d3b3675fe6db,like,340,2025-11-08 01:19:40
569,Agent_063,post_c65a4dbca8e1,like,341,2025-11-08 01:19:43
570,Agent_146,post_e07509d96ba3,like,341,2025-11-08 01:19:43
571,Agent_196,post_d3b3675fe6db,like,342,2025-11-08 01:19:48
572,Agent_086,post_2309c41401e3,like,345,2025-11-08 01:20:00
573,Agent_196,reshare_c37acd04ea26,like,345,2025-11-08 01:20:00
574,Agent_013,post_aa9cf4ba7085,like,346,2025-11-08 01:20:03
575,Agent_060,post_6eb5bcac7af7,like,346,2025-11-08 01:20:03
576,Agent_117,post_900f11237d99,like,346,2025-11-08 01:20:03
577,Agent_196,post_aa9cf4ba7085,like,346,2025-11-08 01:20:03
578,Agent_147,post_d4be5c690778,like,347,2025-11-08 01:20:05
579,Agent_063,reshare_2de663f4fbdc,like,349,2025-11-08 01:20:13
580,Agent_077,post_40e7b0329754,like,351,2025-11-08 01:20:23
581,Agent_063,post_7495e4889eb3,like,353,2025-11-08 01:20:29
582,Agent_086,post_1a581716596e,like,354,2025-11-08 01:20:34
583,Agent_137,post_6048a31478d6,like,355,2025-11-08 01:20:37
584,Agent_105,post_268993071bd5,like,356,2025-11-08 01:20:40
585,Agent_086,reshare_3ea6c21dd7a4,like,357,2025-11-08 01:20:45
586,Agent_083,post_45516b5e3707,like,359,2025-11-08 01:20:50
587,Agent_063,post_8c607d5fe303,like,361,2025-11-08 01:20:59
588,Agent_036,post_fe8d5c03175a,like,362,2025-11-08 01:21:01
589,Agent_003,post_1e856d949722,like,364,2025-11-08 01:21:09
590,Agent_044,reshare_9e1f6547f1ed,like,364,2025-11-08 01:21:09
591,Agent_003,post_49670d4b87a2,like,366,2025-11-08 01:21:18
592,Agent_196,post_40e7b0329754,like,366,2025-11-08 01:21:18
593,Agent_003,post_8dc71757ed60,like,367,2025-11-08 01:21:21
594,Agent_044,post_95dfe8704abd,like,368,2025-11-08 01:21:24
595,Agent_087,post_4493defaa359,like,369,2025-11-08 01:21:29
596,Agent_143,post_42e84bd69795,like,369,2025-11-08 01:21:29
597,Agent_196,post_60debea629e2,like,369,2025-11-08 01:21:29
598,Agent_063,post_8dc71757ed60,like,370,2025-11-08 01:21:32
599,Agent_003,post_630a2a2402ca,like,371,2025-11-08 01:21:34
600,Agent_182,post_98c122d0f58c,like,371,2025-11-08 01:21:34
601,Agent_108,post_0c7f8eba872d,like,372,2025-11-08 01:21:40
602,Agent_196,post_679e59e2d4ff,like,372,2025-11-08 01:21:40
603,Agent_137,post_90f15d9ebe94,like,373,2025-11-08 01:21:43
604,Agent_003,post_f3aadca4ea00,like,375,2025-11-08 01:21:51
605,Agent_108,post_fcd61cf6e218,like,375,2025-11-08 01:21:51
606,Agent_139,post_f945888d2461,like,375,2025-11-08 01:21:51
607,Agent_182,post_8636e94fd8ae,like,375,2025-11-08 01:21:51
608,Agent_061,post_4493defaa359,like,376,2025-11-08 01:21:54
609,Agent_182,post_c47e318b99b7,like,376,2025-11-08 01:21:54
610,Agent_003,post_f33310a6ee63,like,377,2025-11-08 01:21:57
611,Agent_108,post_16f6449869e5,like,378,2025-11-08 01:22:03
612,Agent_196,reshare_b1160ad59de2,like,378,2025-11-08 01:22:03
613,Agent_060,post_a8853476b5e9,like,379,2025-11-08 01:22:05
614,Agent_044,post_f33310a6ee63,like,380,2025-11-08 01:22:08
615,Agent_063,post_f3aadca4ea00,like,380,2025-11-08 01:22:08
616,Agent_117,reshare_1853e638e5f6,like,380,2025-11-08 01:22:08
617,Agent_147,post_f945888d2461,like,380,2025-11-08 01:22:08
618,Agent_003,post_739596aa6549,like,382,2025-11-08 01:22:16
619,Agent_029,post_c0ac45d60618,like,382,2025-11-08 01:22:16
620,Agent_064,post_8636e94fd8ae,like,382,2025-11-08 01:22:16
621,Agent_069,post_f3aadca4ea00,like,382,2025-11-08 01:22:16
622,Agent_013,post_7501534f6dc4,like,383,2025-11-08 01:22:18
623,Agent_108,post_95d841125dab,like,384,2025-11-08 01:22:24
624,Agent_196,post_7501534f6dc4,like,384,2025-11-08 01:22:24
625,Agent_003,post_33708400f6af,like,385,2025-11-08 01:22:27
626,Agent_003,post_1886f6155484,like,387,2025-11-08 01:22:34
627,Agent_108,post_a76581a19ae3,like,387,2025-11-08 01:22:34
628,Agent_044,post_14f065a5e617,like,388,2025-11-08 01:22:37
629,Agent_003,post_aba2bbe29619,like,390,2025-11-08 01:22:45
630,Agent_139,post_04ee43e5f7d1,like,390,2025-11-08 01:22:45
631,Agent_143,post_96b3d346a326,like,390,2025-11-08 01:22:45
632,Agent_196,post_3ea9a56b05c2,like,390,2025-11-08 01:22:45
633,Agent_063,post_1886f6155484,like,391,2025-11-08 01:22:49
634,Agent_003,reshare_bb10f31527cd,like,393,2025-11-08 01:22:57
635,Agent_139,post_61c5a59a7e79,like,393,2025-11-08 01:22:57
636,Agent_182,post_5209315ef7f6,like,393,2025-11-08 01:22:57
637,Agent_196,post_5f50e77b197e,like,393,2025-11-08 01:22:57
638,Agent_003,post_c1a89e702303,like,396,2025-11-08 01:23:08
639,Agent_139,post_b37fd7279ac6,like,396,2025-11-08 01:23:08
640,Agent_196,post_c9a5d986e15d,like,396,2025-11-08 01:23:08
641,Agent_130,post_c9a5d986e15d,like,397,2025-11-08 01:23:11
642,Agent_126,post_33708400f6af,like,398,2025-11-08 01:23:13
643,Agent_003,reshare_dc6238fbffe2,like,399,2025-11-08 01:23:28
644,Agent_139,post_8b3ed3e7e83f,like,399,2025-11-08 01:23:28
645,Agent_105,campaign_campaign_hope_Agent_105,like,400,2025-11-08 01:23:31
646,Agent_186,campaign_campaign_hope_Agent_186,like,400,2025-11-08 01:23:31
647,Agent_119,campaign_campaign_hope_Agent_119,like,401,2025-11-08 01:23:33
648,Agent_139,post_feeb5a2ec0c2,like,402,2025-11-08 01:23:38
649,Agent_063,post_4543f64dbeb5,like,403,2025-11-08 01:23:41
650,Agent_147,post_feeb5a2ec0c2,like,403,2025-11-08 01:23:41
651,Agent_003,reshare_e6e9cbe8fe56,like,405,2025-11-08 01:23:49
652,Agent_139,post_6136e59b3ccc,like,405,2025-11-08 01:23:49
653,Agent_147,post_a23a251c8226,like,405,2025-11-08 01:23:49
654,Agent_137,post_a23a251c8226,like,406,2025-11-08 01:23:52
655,Agent_147,post_6136e59b3ccc,like,406,2025-11-08 01:23:52
656,Agent_003,post_8fc39cbea188,like,407,2025-11-08 01:23:54
657,Agent_137,post_6136e59b3ccc,like,407,2025-11-08 01:23:54
658,Agent_126,post_377439c67f39,like,408,2025-11-08 01:24:00
659,Agent_196,reshare_ba7ce06a21a3,like,408,2025-11-08 01:24:00
660,Agent_016,post_8fc39cbea188,like,410,2025-11-08 01:24:06
661,Agent_092,post_39eec734c832,like,410,2025-11-08 01:24:06
662,Agent_003,post_5f3560700dc5,like,411,2025-11-08 01:24:10
663,Agent_179,post_cfa3c37ae062,like,411,2025-11-08 01:24:10
664,Agent_013,post_da131dd765c5,like,412,2025-11-08 01:24:14
665,Agent_003,post_da131dd765c5,like,413,2025-11-08 01:24:16
666,Agent_139,post_39eec734c832,like,413,2025-11-08 01:24:16
667,Agent_137,post_39eec734c832,like,414,2025-11-08 01:24:21
668,Agent_099,post_da131dd765c5,like,415,2025-11-08 01:24:23
669,Agent_003,post_13a32eec76ff,like,416,2025-11-08 01:24:26
670,Agent_069,post_13a32eec76ff,like,417,2025-11-08 01:24:31
671,Agent_139,post_4d1070376b9f,like,417,2025-11-08 01:24:31
672,Agent_196,reshare_5cbaf2f4b3a3,like,417,2025-11-08 01:24:31
673,Agent_003,post_4434d1522e5f,like,420,2025-11-08 01:24:43
674,Agent_126,post_da131dd765c5,like,420,2025-11-08 01:24:43
675,Agent_003,post_0e1542f40d78,like,422,2025-11-08 01:24:49
676,Agent_063,post_1db37f0dac12,like,422,2025-11-08 01:24:49
677,Agent_117,post_27ec90604988,like,422,2025-11-08 01:24:49
678,Agent_003,post_c3e7106652d3,like,423,2025-11-08 01:24:58
679,Agent_139,post_357b0a70b051,like,423,2025-11-08 01:24:58
680,Agent_196,reshare_d719cefc1414,like,423,2025-11-08 01:24:58
681,Agent_063,post_c3e7106652d3,like,425,2025-11-08 01:25:05
682,Agent_003,post_391a5a99d3d6,like,426,2025-11-08 01:25:10
683,Agent_196,reshare_ea2aa4a32a3e,like,426,2025-11-08 01:25:10
684,Agent_117,post_643069b1ca00,like,427,2025-11-08 01:25:13
685,Agent_063,post_ec06b2d81113,like,428,2025-11-08 01:25:16
686,Agent_117,post_970b67cd664c,like,428,2025-11-08 01:25:16
687,Agent_069,post_d9a83b950497,like,429,2025-11-08 01:25:21
688,Agent_139,post_e5a52cf64052,like,429,2025-11-08 01:25:21
689,Agent_063,post_d9a83b950497,like,430,2025-11-08 01:25:24
690,Agent_003,post_41127d6e95b0,like,431,2025-11-08 01:25:26
691,Agent_003,post_0a1688e1e06a,like,432,2025-11-08 01:25:31
692,Agent_063,post_0a1688e1e06a,like,434,2025-11-08 01:25:37
693,Agent_069,post_41127d6e95b0,like,435,2025-11-08 01:25:42
694,Agent_139,post_dad55cb3cc66,like,435,2025-11-08 01:25:42
695,Agent_186,post_df420b1a8e16,like,437,2025-11-08 01:25:48
696,Agent_186,post_ca48b51ccf20,like,439,2025-11-08 01:25:56
697,Agent_139,post_9ad6064196dd,like,441,2025-11-08 01:26:04
698,Agent_198,post_38476af0e851,like,442,2025-11-08 01:26:06
699,Agent_063,post_eaeba9551f85,like,454,2025-11-08 01:26:46
700,Agent_013,reshare_ea2aa4a32a3e,like,455,2025-11-08 01:26:49
701,Agent_139,post_a9ddba59aabc,like,459,2025-11-08 01:27:04
702,Agent_139,post_e625301b3dbd,like,465,2025-11-08 01:27:31
703,Agent_069,post_eaeba9551f85,like,466,2025-11-08 01:27:34
704,Agent_051,post_88d56e8e4781,like,470,2025-11-08 01:27:45
705,Agent_063,post_998e1c1fa9b3,like,470,2025-11-08 01:27:45
706,Agent_139,post_a5b621d49e51,like,471,2025-11-08 01:27:47
707,Agent_139,post_763d5386c9c6,like,474,2025-11-08 01:27:53
708,Agent_013,post_50cf21fc4ac2,like,476,2025-11-08 01:27:57
709,Agent_051,post_e00a16d2907a,like,476,2025-11-08 01:27:57
710,Agent_013,post_1f4ece2f7199,like,481,2025-11-08 01:28:08
711,Agent_053,post_aeeeccb6abce,like,482,2025-11-08 01:28:10
712,Agent_126,post_1f4ece2f7199,like,482,2025-11-08 01:28:10
713,Agent_042,post_07df7d389420,like,485,2025-11-08 01:28:16
714,Agent_053,post_182d608b1c5e,like,487,2025-11-08 01:28:21
715,Agent_186,post_c35f4b1a76a7,like,487,2025-11-08 01:28:21
716,Agent_199,post_4274218f860f,like,489,2025-11-08 01:28:26
717,Agent_199,post_9f3f38097361,like,492,2025-11-08 01:28:32
718,Agent_013,post_61836b9dfbe6,like,493,2025-11-08 01:28:34
719,Agent_117,post_7204e71eda67,like,494,2025-11-08 01:28:36
720,Agent_051,post_b8a2a510bfb7,like,496,2025-11-08 01:28:41
721,Agent_117,post_85f5fcf935de,like,508,2025-11-08 01:29:08
722,Agent_186,post_f92c8cfabfe5,like,508,2025-11-08 01:29:08
723,Agent_126,post_2f3fde41d67c,like,514,2025-11-08 01:29:21
724,Agent_051,post_0b68dfb7f7d9,like,515,2025-11-08 01:29:23
725,Agent_051,post_2b896adb9b95,like,520,2025-11-08 01:29:34
726,Agent_027,post_de1b3cff8f96,like,524,2025-11-08 01:29:42
727,Agent_117,post_8c4668d5e673,like,529,2025-11-08 01:29:56
728,Agent_063,post_a084b99bbabe,like,533,2025-11-08 01:30:05
729,Agent_126,post_57ac88113822,like,541,2025-11-08 01:30:28
730,Agent_063,post_563b4764e138,like,557,2025-11-08 01:31:03
731,Agent_044,post_a77eb6abe247,like,563,2025-11-08 01:31:17
732,Agent_051,post_2322610a38ae,like,566,2025-11-08 01:31:25
733,Agent_160,post_f05f14dc794a,like,570,2025-11-08 01:31:34
734,Agent_175,post_596b9551af67,like,592,2025-11-08 01:32:28
735,Agent_181,campaign_campaign_hope_Agent_181,like,602,2025-11-08 01:32:50
736,Agent_055,post_cb7055b65b95,like,605,2025-11-08 01:32:56
737,Agent_055,post_bc5d600db368,like,606,2025-11-08 01:32:59
738,Agent_055,post_0a6769d06366,like,612,2025-11-08 01:33:11
739,Agent_055,post_95884619e206,like,621,2025-11-08 01:33:30
740,Agent_083,post_cbf3749216e9,like,628,2025-11-08 01:33:46
741,Agent_055,post_2723f3c76eae,like,633,2025-11-08 01:33:59
742,Agent_082,post_db3d03d159c7,like,633,2025-11-08 01:33:59
743,Agent_160,post_627aa21ad946,like,633,2025-11-08 01:33:59
744,Agent_117,post_cbf3749216e9,like,634,2025-11-08 01:34:00
745,Agent_114,post_cbf3749216e9,like,635,2025-11-08 01:34:02
746,Agent_150,campaign_campaign_hope_Agent_150,like,638,2025-11-08 01:34:07
747,Agent_044,post_8df06b0df167,like,644,2025-11-08 01:34:18
748,Agent_179,post_1e643f0d169d,like,645,2025-11-08 01:34:22
749,Agent_055,post_4a207186acb3,like,648,2025-11-08 01:34:28
750,Agent_079,post_869a7dcec4d9,like,651,2025-11-08 01:34:33
751,Agent_055,post_4ae77b3927b5,like,657,2025-11-08 01:34:46
752,Agent_079,post_bf8070538c24,like,657,2025-11-08 01:34:46
753,Agent_055,post_1153c0bef736,like,658,2025-11-08 01:34:48
754,Agent_175,post_1153c0bef736,like,658,2025-11-08 01:34:48
755,Agent_126,post_c5ef577bda47,like,659,2025-11-08 01:34:49
756,Agent_079,post_45b640fee76c,like,660,2025-11-08 01:34:52
757,Agent_082,post_5a57245924e3,like,663,2025-11-08 01:34:58
758,Agent_055,post_9aea733d96ec,like,669,2025-11-08 01:35:12
759,Agent_079,post_043dbcfc86ae,like,669,2025-11-08 01:35:12
760,Agent_175,post_9aea733d96ec,like,670,2025-11-08 01:35:13
761,Agent_079,post_7822edd0a740,like,672,2025-11-08 01:35:20
762,Agent_079,post_c788badc68d6,like,677,2025-11-08 01:35:30
763,Agent_055,post_422d59f542f6,like,678,2025-11-08 01:35:34
764,Agent_079,post_c333f1df9557,like,680,2025-11-08 01:35:37
765,Agent_055,post_4535b4e547e0,like,681,2025-11-08 01:35:40
766,Agent_082,post_237049425e23,like,684,2025-11-08 01:35:48
767,Agent_044,post_869305472248,like,685,2025-11-08 01:35:50
768,Agent_011,post_9aea56e42a9e,like,686,2025-11-08 01:35:52
769,Agent_011,post_9734afe3347a,like,687,2025-11-08 01:35:55
770,Agent_055,post_cfb00f96f365,like,687,2025-11-08 01:35:55
771,Agent_079,post_9aea56e42a9e,like,687,2025-11-08 01:35:55
772,Agent_079,post_9734afe3347a,like,688,2025-11-08 01:35:56
773,Agent_199,post_39d34de17b8e,like,688,2025-11-08 01:35:56
774,Agent_055,post_58a162683011,like,692,2025-11-08 01:36:05
775,Agent_082,post_1619c8137f9c,like,692,2025-11-08 01:36:05
776,Agent_087,post_1619c8137f9c,like,693,2025-11-08 01:36:08
777,Agent_126,post_21eb66da87d0,like,694,2025-11-08 01:36:10
778,Agent_055,post_c0ed8fa08296,like,699,2025-11-08 01:36:19
779,Agent_199,post_2f5ff39760e5,like,699,2025-11-08 01:36:19
780,Agent_079,post_feb285cb6bc9,like,700,2025-11-08 01:36:21
781,Agent_055,post_b3f95535a879,like,702,2025-11-08 01:36:26
782,Agent_055,post_4b1d7671366c,like,705,2025-11-08 01:36:31
783,Agent_087,post_eb0fd8e6db81,like,705,2025-11-08 01:36:31
784,Agent_055,reshare_8ae21c8d03d0,like,708,2025-11-08 01:36:37
785,Agent_079,post_42f60a3a4c68,like,709,2025-11-08 01:36:39
786,Agent_079,reshare_ce29cc83ac39,like,713,2025-11-08 01:36:47
787,Agent_199,post_eccb98eff333,like,714,2025-11-08 01:36:50
788,Agent_055,reshare_7072b71bdaae,like,717,2025-11-08 01:36:56
789,Agent_079,post_ff3e01273087,like,722,2025-11-08 01:37:06
790,Agent_055,post_426cbe4209e5,like,723,2025-11-08 01:37:08
791,Agent_055,post_28eabf0f08cb,like,726,2025-11-08 01:37:15
792,Agent_069,post_1bf55d208fea,like,727,2025-11-08 01:37:17
793,Agent_055,post_16eb7312142e,like,729,2025-11-08 01:37:21
794,Agent_199,post_5ae5b6888962,like,729,2025-11-08 01:37:21
795,Agent_126,post_0015a6215fbb,like,730,2025-11-08 01:37:22
796,Agent_045,post_1bf55d208fea,like,732,2025-11-08 01:37:27
797,Agent_199,post_b27d157c9145,like,732,2025-11-08 01:37:27
798,Agent_027,post_a31ab4d96d37,like,733,2025-11-08 01:37:28
799,Agent_117,post_c0d387d8afee,like,734,2025-11-08 01:37:30
800,Agent_055,post_46d331f29d03,like,735,2025-11-08 01:37:33
801,Agent_199,post_46797cbe6f71,like,735,2025-11-08 01:37:33
802,Agent_199,post_8b2164b79acb,like,738,2025-11-08 01:37:40
803,Agent_005,post_43e06f5a0535,like,740,2025-11-08 01:37:43
804,Agent_079,post_8e35e28ba629,like,740,2025-11-08 01:37:43
805,Agent_055,post_75a3d0799b89,like,741,2025-11-08 01:37:47
806,Agent_055,post_bf58c53308fb,like,743,2025-11-08 01:37:50
807,Agent_055,post_3ff79b34ccf6,like,744,2025-11-08 01:37:53
808,Agent_199,reshare_be402f50a34f,like,744,2025-11-08 01:37:53
809,Agent_027,post_45d6374f4135,like,746,2025-11-08 01:37:56
810,Agent_199,post_0ab1ac19ac81,like,750,2025-11-08 01:38:06
811,Agent_045,post_9ad32c610c8c,like,751,2025-11-08 01:38:08
812,Agent_079,post_d9d03500cc62,like,752,2025-11-08 01:38:09
813,Agent_055,post_bc9d7e39bad0,like,753,2025-11-08 01:38:12
814,Agent_005,post_0376f93747ef,like,754,2025-11-08 01:38:14
815,Agent_082,post_d45c02af5e09,like,754,2025-11-08 01:38:14
816,Agent_027,post_d45c02af5e09,like,755,2025-11-08 01:38:16
817,Agent_160,post_f704b630f7a9,like,755,2025-11-08 01:38:16
818,Agent_055,post_93e1b4775a3f,like,759,2025-11-08 01:38:25
819,Agent_055,post_f89e97b53fed,like,762,2025-11-08 01:38:31
820,Agent_199,reshare_28e8edbdba95,like,762,2025-11-08 01:38:31
821,Agent_079,post_67169c0aa133,like,764,2025-11-08 01:38:35
822,Agent_199,reshare_224e764c3ed0,like,765,2025-11-08 01:38:37
823,Agent_160,post_386877594221,like,767,2025-11-08 01:38:42
824,Agent_055,post_59a319e45e09,like,768,2025-11-08 01:38:44
825,Agent_199,post_b87dfe51fbea,like,771,2025-11-08 01:38:51
826,Agent_079,post_4f3f3bbfb20f,like,773,2025-11-08 01:38:54
827,Agent_178,post_b87dfe51fbea,like,773,2025-11-08 01:38:54
828,Agent_055,post_2e799a0bbbee,like,776,2025-11-08 01:39:00
829,Agent_055,post_631133b2e45f,like,777,2025-11-08 01:39:03
830,Agent_199,post_8421ed2f847f,like,777,2025-11-08 01:39:03
831,Agent_055,post_4f644f81e4b6,like,778,2025-11-08 01:39:05
832,Agent_160,post_99e4d5a57d7e,like,778,2025-11-08 01:39:05
833,Agent_005,post_829c49d02597,like,782,2025-11-08 01:39:12
834,Agent_045,post_99e4d5a57d7e,like,782,2025-11-08 01:39:13
835,Agent_079,post_a7f4df68fc6f,like,782,2025-11-08 01:39:13
836,Agent_055,post_775e51857558,like,783,2025-11-08 01:39:16
837,Agent_199,reshare_215193f4e160,like,786,2025-11-08 01:39:22
838,Agent_126,post_3e37de2f3d9b,like,787,2025-11-08 01:39:24
839,Agent_061,post_320a6ed7fd55,like,788,2025-11-08 01:39:25
840,Agent_079,post_aebeb3fa091c,like,788,2025-11-08 01:39:25
841,Agent_199,post_99f40f018243,like,789,2025-11-08 01:39:28
842,Agent_055,post_3c37d72c4690,like,792,2025-11-08 01:39:34
843,Agent_199,reshare_61608cd7ecff,like,792,2025-11-08 01:39:34
844,Agent_147,post_2b68da3139b7,like,793,2025-11-08 01:39:36
845,Agent_082,reshare_b59c62e853b4,like,794,2025-11-08 01:39:38
846,Agent_199,reshare_a850d0d9872b,like,795,2025-11-08 01:39:41
847,Agent_055,reshare_08d71566ba77,like,798,2025-11-08 01:39:48
848,Agent_055,post_7785b850e91e,like,801,2025-11-08 01:39:58
849,Agent_199,post_a15c2e7f1531,like,801,2025-11-08 01:39:59
850,Agent_069,post_61df94c53b68,like,802,2025-11-08 01:40:00
851,Agent_061,post_c62f45c11c72,like,804,2025-11-08 01:40:05
852,Agent_087,post_7e7c8cba440f,like,804,2025-11-08 01:40:05
853,Agent_055,post_bafa79a5a643,like,807,2025-11-08 01:40:11
854,Agent_199,reshare_3cb3ab01291c,like,810,2025-11-08 01:40:17
855,Agent_055,post_b468ca97e57c,like,813,2025-11-08 01:40:24
856,Agent_199,post_c595eebe7b46,like,816,2025-11-08 01:40:30
857,Agent_178,post_c595eebe7b46,like,817,2025-11-08 01:40:32
858,Agent_055,reshare_a0207a695c9e,like,819,2025-11-08 01:40:36
859,Agent_199,post_4ead98b7580a,like,819,2025-11-08 01:40:36
860,Agent_055,post_0debdced7402,like,822,2025-11-08 01:40:43
861,Agent_055,post_3c80cc8fa61f,like,828,2025-11-08 01:40:57
862,Agent_199,post_350a0b0550f9,like,828,2025-11-08 01:40:57
863,Agent_055,post_f4793728c057,like,831,2025-11-08 01:41:04
864,Agent_087,post_18b597eacab7,like,831,2025-11-08 01:41:04
865,Agent_027,post_18b597eacab7,like,832,2025-11-08 01:41:06
866,Agent_082,post_18b597eacab7,like,832,2025-11-08 01:41:06
867,Agent_126,post_7ebce994521f,like,833,2025-11-08 01:41:07
868,Agent_055,post_0524c6599334,like,834,2025-11-08 01:41:10
869,Agent_199,post_54adc0d9f24f,like,834,2025-11-08 01:41:10
870,Agent_117,post_dd583bf93be3,like,835,2025-11-08 01:41:12
871,Agent_005,reshare_103146e50227,like,836,2025-11-08 01:41:13
872,Agent_055,post_cf2bc0a2cbbe,like,840,2025-11-08 01:41:22
873,Agent_199,reshare_547df338a040,like,840,2025-11-08 01:41:22
874,Agent_114,post_dd583bf93be3,like,842,2025-11-08 01:41:26
875,Agent_055,post_382ce0fb11f4,like,843,2025-11-08 01:41:29
876,Agent_055,post_1bda5675af75,like,844,2025-11-08 01:41:31
877,Agent_011,post_2700c22bf95f,like,847,2025-11-08 01:41:37
878,Agent_069,reshare_103146e50227,like,848,2025-11-08 01:41:39
879,Agent_199,reshare_69cb269b92c3,like,849,2025-11-08 01:41:42
880,Agent_055,post_e06882434e5d,like,850,2025-11-08 01:41:43
881,Agent_117,reshare_5dcb4d22311e,like,853,2025-11-08 01:41:49
882,Agent_199,reshare_3b9efc5fc7b3,like,858,2025-11-08 01:42:00
883,Agent_055,post_c30d6ac260ec,like,861,2025-11-08 01:42:06
884,Agent_199,post_065b6ab9b1d1,like,864,2025-11-08 01:42:13
885,Agent_178,post_065b6ab9b1d1,like,865,2025-11-08 01:42:14
886,Agent_055,reshare_3c5893094461,like,866,2025-11-08 01:42:16
887,Agent_117,post_4b78f3710c75,like,866,2025-11-08 01:42:16
888,Agent_199,reshare_531d3f159515,like,867,2025-11-08 01:42:18
889,Agent_055,post_0ea5eeceea4a,like,870,2025-11-08 01:42:25
890,Agent_087,reshare_2b99ec07630f,like,870,2025-11-08 01:42:25
891,Agent_055,post_43de4cc5b793,like,876,2025-11-08 01:42:37
892,Agent_087,reshare_c9e6c7975ca0,like,876,2025-11-08 01:42:37
893,Agent_199,reshare_70aa512ba3e4,like,876,2025-11-08 01:42:37
894,Agent_087,post_773f24044d56,like,879,2025-11-08 01:42:43
895,Agent_199,reshare_f1ab7d8ec3c3,like,879,2025-11-08 01:42:43
896,Agent_199,reshare_3362b56ec71c,like,888,2025-11-08 01:43:02
897,Agent_027,reshare_b3e683786b56,like,893,2025-11-08 01:43:12
898,Agent_199,post_3102f02aeb11,like,894,2025-11-08 01:43:15
899,Agent_027,post_ddb148e3f335,like,896,2025-11-08 01:43:18
900,Agent_117,post_5dbc9407ab24,like,896,2025-11-08 01:43:18
901,Agent_087,post_ddb148e3f335,like,897,2025-11-08 01:43:21
902,Agent_082,post_ddb148e3f335,like,899,2025-11-08 01:43:23
903,Agent_059,post_59c96f1d3eb8,like,901,2025-11-08 01:43:27
904,Agent_087,post_2a2a09ef2e0b,like,903,2025-11-08 01:43:32
905,Agent_082,post_2a2a09ef2e0b,like,905,2025-11-08 01:43:35
906,Agent_027,post_2a2a09ef2e0b,like,907,2025-11-08 01:43:39
907,Agent_171,post_9456e8adde02,like,907,2025-11-08 01:43:39
908,Agent_171,post_2be26298fb5a,like,908,2025-11-08 01:43:41
909,Agent_011,post_20e49fb10056,like,910,2025-11-08 01:43:45
910,Agent_011,post_5627248200c5,like,913,2025-11-08 01:43:52
911,Agent_163,post_827c5ea7a6b6,like,913,2025-11-08 01:43:52
912,Agent_087,post_9456e8adde02,like,915,2025-11-08 01:43:56
913,Agent_171,post_75c08c88422b,like,916,2025-11-08 01:43:58
914,Agent_027,post_75c08c88422b,like,919,2025-11-08 01:44:04
915,Agent_082,post_75c08c88422b,like,919,2025-11-08 01:44:04
916,Agent_171,post_16d1b161c38e,like,923,2025-11-08 01:44:12
917,Agent_059,post_ec8694b51e1a,like,925,2025-11-08 01:44:16
918,Agent_082,post_16d1b161c38e,like,925,2025-11-08 01:44:16
919,Agent_011,reshare_3608663b70be,like,929,2025-11-08 01:44:23
920,Agent_027,post_16d1b161c38e,like,932,2025-11-08 01:44:29
921,Agent_184,post_3b32ea7a82a3,like,936,2025-11-08 01:44:37
922,Agent_042,post_6929aa46335c,like,941,2025-11-08 01:44:48
923,Agent_128,post_5cb5b9392b48,like,950,2025-11-08 01:45:06
924,Agent_087,post_c824f154ee9c,like,951,2025-11-08 01:45:09
925,Agent_027,post_c824f154ee9c,like,955,2025-11-08 01:45:18
926,Agent_087,reshare_f3404e91f070,like,960,2025-11-08 01:45:30
927,Agent_171,reshare_f3404e91f070,like,962,2025-11-08 01:45:33
928,Agent_087,post_46ac1a1cdf77,like,969,2025-11-08 01:45:46
929,Agent_171,post_1115fb2831ef,like,970,2025-11-08 01:45:48
930,Agent_082,post_46ac1a1cdf77,like,971,2025-11-08 01:45:49
931,Agent_087,reshare_c1f35b2ea708,like,975,2025-11-08 01:45:59
932,Agent_087,post_47b768a4cb64,like,984,2025-11-08 01:46:16
933,Agent_027,post_47b768a4cb64,like,988,2025-11-08 01:46:24
934,Agent_082,post_47b768a4cb64,like,988,2025-11-08 01:46:24
935,Agent_147,post_5cb5b9392b48,like,989,2025-11-08 01:46:26
936,Agent_087,reshare_3465d2202a22,like,993,2025-11-08 01:46:34
937,Agent_082,reshare_3465d2202a22,like,994,2025-11-08 01:46:35
938,Agent_087,post_a88ea6c28c76,like,1002,2025-11-08 01:46:53
939,Agent_093,campaign_campaign_hope_Agent_093,like,1002,2025-11-08 01:46:53
940,Agent_163,post_571d5110c7ca,like,1004,2025-11-08 01:46:56
941,Agent_063,post_7647b5fad363,like,1006,2025-11-08 01:47:00
942,Agent_087,post_0261f1807b35,like,1008,2025-11-08 01:47:05
943,Agent_139,reshare_1b31d44de5b8,like,1011,2025-11-08 01:47:11
944,Agent_147,post_7cb320dac1fe,like,1012,2025-11-08 01:47:14
945,Agent_027,post_0261f1807b35,like,1013,2025-11-08 01:47:15
946,Agent_139,post_7cb320dac1fe,like,1014,2025-11-08 01:47:20
947,Agent_087,post_f9cfb91bbf1a,like,1017,2025-11-08 01:47:26
948,Agent_092,post_7cb320dac1fe,like,1018,2025-11-08 01:47:27
949,Agent_097,post_a500cbefc664,like,1018,2025-11-08 01:47:27
950,Agent_027,post_f9cfb91bbf1a,like,1019,2025-11-08 01:47:29
951,Agent_040,post_a500cbefc664,like,1019,2025-11-08 01:47:29
952,Agent_082,post_f9cfb91bbf1a,like,1019,2025-11-08 01:47:29
953,Agent_063,post_e58c3fe203e2,like,1020,2025-11-08 01:47:32
954,Agent_139,post_189f01260db0,like,1020,2025-11-08 01:47:32
955,Agent_063,post_c81e5fc7e09e,like,1021,2025-11-08 01:47:34
956,Agent_139,post_7438574763ca,like,1023,2025-11-08 01:47:39
957,Agent_092,post_7438574763ca,like,1024,2025-11-08 01:47:41
958,Agent_147,post_7438574763ca,like,1024,2025-11-08 01:47:41
959,Agent_067,post_dbd0140ec5f6,like,1027,2025-11-08 01:47:48
960,Agent_139,post_0cd1bbaed3fa,like,1029,2025-11-08 01:47:53
961,Agent_063,post_8f94d3ace24b,like,1031,2025-11-08 01:47:57
962,Agent_082,post_e81aeac4c847,like,1031,2025-11-08 01:47:57
963,Agent_139,post_8301c6808916,like,1032,2025-11-08 01:48:00
964,Agent_097,post_87c013a9fa79,like,1033,2025-11-08 01:48:02
965,Agent_063,post_ddf3d04b5644,like,1035,2025-11-08 01:48:07
966,Agent_011,post_f7f91dc00060,like,1040,2025-11-08 01:48:18
967,Agent_139,post_2b0e6e4584b1,like,1041,2025-11-08 01:48:21
968,Agent_097,post_8d1ccaf32a24,like,1043,2025-11-08 01:48:24
969,Agent_063,post_d84b47c69487,like,1044,2025-11-08 01:48:28
970,Agent_097,post_a0390574581c,like,1044,2025-11-08 01:48:28
971,Agent_139,reshare_5138ff314851,like,1044,2025-11-08 01:48:28
972,Agent_092,reshare_5138ff314851,like,1045,2025-11-08 01:48:30
973,Agent_063,post_c20795a0d5a6,like,1050,2025-11-08 01:48:41
974,Agent_139,post_948dd3cbcd76,like,1050,2025-11-08 01:48:41
975,Agent_139,post_59ecc2f0ff64,like,1059,2025-11-08 01:49:01
976,Agent_097,post_59c820f01b02,like,1061,2025-11-08 01:49:06
977,Agent_127,post_3e4fa3ed4d8a,like,1062,2025-11-08 01:49:09
978,Agent_139,post_be42fc5c54d6,like,1062,2025-11-08 01:49:09
979,Agent_092,post_be42fc5c54d6,like,1063,2025-11-08 01:49:11
980,Agent_097,post_3239929948a4,like,1063,2025-11-08 01:49:11
981,Agent_027,post_6319d641120b,like,1064,2025-11-08 01:49:13
982,Agent_082,reshare_87f1117f8fe0,like,1064,2025-11-08 01:49:13
983,Agent_051,post_3e4fa3ed4d8a,like,1066,2025-11-08 01:49:17
984,Agent_082,post_1962a9b7df25,like,1067,2025-11-08 01:49:19
985,Agent_063,post_3ea9d739c770,like,1068,2025-11-08 01:49:22
986,Agent_139,post_b88913e6221b,like,1068,2025-11-08 01:49:22
987,Agent_050,post_f24a70a45a44,like,1069,2025-11-08 01:49:24
988,Agent_051,post_85903ff32e78,like,1071,2025-11-08 01:49:28
989,Agent_139,post_ef0d0d210d82,like,1071,2025-11-08 01:49:28
990,Agent_011,post_f24a70a45a44,like,1072,2025-11-08 01:49:30
991,Agent_027,post_1127a56d348a,like,1073,2025-11-08 01:49:32
992,Agent_097,post_6c36d92186bf,like,1073,2025-11-08 01:49:32
993,Agent_063,post_11cfb73665b9,like,1074,2025-11-08 01:49:34
994,Agent_139,post_90f873354e67,like,1074,2025-11-08 01:49:34
995,Agent_050,reshare_ccf174bc2032,like,1076,2025-11-08 01:49:38
996,Agent_175,post_25a94ad5449f,like,1076,2025-11-08 01:49:38
997,Agent_139,post_d3cc4161adb6,like,1077,2025-11-08 01:49:41
998,Agent_051,reshare_39691bd6b043,like,1078,2025-11-08 01:49:43
999,Agent_092,post_d3cc4161adb6,like,1078,2025-11-08 01:49:43
1000,Agent_097,post_cf8261eda64d,like,1081,2025-11-08 01:49:49
1001,Agent_175,post_91eb9c9f39ac,like,1082,2025-11-08 01:49:51
1002,Agent_139,post_bee73b84f330,like,1083,2025-11-08 01:49:55
1003,Agent_050,post_556224549631,like,1088,2025-11-08 01:50:06
1004,Agent_139,post_6bbcb1b5ed62,like,1089,2025-11-08 01:50:09
1005,Agent_067,post_7252b87a4359,like,1091,2025-11-08 01:50:12
1006,Agent_092,post_6bbcb1b5ed62,like,1096,2025-11-08 01:50:24
1007,Agent_139,reshare_641728662de2,like,1098,2025-11-08 01:50:28
1008,Agent_097,post_821d84e5a302,like,1099,2025-11-08 01:50:30
1009,Agent_139,post_a188a1937d40,like,1101,2025-11-08 01:50:36
1010,Agent_097,post_30b9048abc45,like,1103,2025-11-08 01:50:39
1011,Agent_175,post_53933cecdebc,like,1103,2025-11-08 01:50:39
1012,Agent_097,post_7d131bb93f96,like,1106,2025-11-08 01:50:46
1013,Agent_063,post_489370a3dd98,like,1108,2025-11-08 01:50:51
1014,Agent_097,post_165addc29afe,like,1108,2025-11-08 01:50:51
1015,Agent_053,post_7d131bb93f96,like,1109,2025-11-08 01:50:52
1016,Agent_139,reshare_ccaff60c9113,like,1110,2025-11-08 01:50:56
1017,Agent_092,reshare_ccaff60c9113,like,1111,2025-11-08 01:50:58
1018,Agent_139,reshare_d706ddb6c9f5,like,1113,2025-11-08 01:51:04
1019,Agent_097,post_725f0c398814,like,1115,2025-11-08 01:51:09
1020,Agent_053,post_3f18205d2a9d,like,1117,2025-11-08 01:51:13
1021,Agent_097,post_3f18205d2a9d,like,1118,2025-11-08 01:51:15
1022,Agent_050,post_b02efc6a3da4,like,1120,2025-11-08 01:51:21
1023,Agent_042,campaign_campaign_hope_Agent_042,like,1121,2025-11-08 01:51:23
1024,Agent_050,post_45120a83b741,like,1121,2025-11-08 01:51:23
1025,Agent_097,post_7f113679da21,like,1123,2025-11-08 01:51:27
1026,Agent_050,reshare_2ad9b20a1a94,like,1130,2025-11-08 02:09:44
1027,Agent_053,post_f279ba040389,like,1133,2025-11-08 02:09:50
1028,Agent_011,post_23ed0b15edee,like,1139,2025-11-08 02:10:02
1029,Agent_097,post_55cf67ff0123,like,1153,2025-11-08 02:12:12
1030,Agent_097,post_6e2b7e7414c0,like,1161,2025-11-08 02:13:52
1031,Agent_127,post_8ecca287ea43,like,1162,2025-11-08 02:13:54
1032,Agent_175,post_26b5f79fd0d5,like,1162,2025-11-08 02:13:54
1033,Agent_127,post_fc8565ff5197,like,1165,2025-11-08 02:14:00
1034,Agent_040,post_55cf67ff0123,like,1166,2025-11-08 02:14:02
1035,Agent_040,post_6e2b7e7414c0,like,1173,2025-11-08 02:15:22
1036,Agent_070,post_e4d89913609d,like,1185,2025-11-08 02:18:55
1037,Agent_050,post_17bc64765f3a,like,1187,2025-11-08 02:18:59
1038,Agent_063,post_b10e6560c8aa,like,1187,2025-11-08 02:18:59
1039,Agent_063,post_3a23831d033f,like,1192,2025-11-08 02:19:08
1040,Agent_043,post_3a23831d033f,like,1193,2025-11-08 02:20:08
1041,Agent_063,post_55c3b6ffd643,like,1195,2025-11-08 02:20:13
1042,Agent_082,reshare_d8a7c05fb006,like,1195,2025-11-08 02:20:13
1043,Agent_199,campaign_campaign_hope_Agent_199,like,1197,2025-11-08 02:20:17
1044,Agent_161,post_b8f56d2457ce,like,1198,2025-11-08 02:20:19
1045,Agent_070,post_f48c0f2736ad,like,1200,2025-11-08 02:20:24
1046,Agent_011,post_e7c67619c3a8,like,1205,2025-11-08 02:21:40
1047,Agent_027,post_f20c14f21265,like,1207,2025-11-08 02:21:46
1048,Agent_097,post_795670490cf0,like,1208,2025-11-08 02:21:48
1049,Agent_175,post_4766cbd28d11,like,1210,2025-11-08 02:22:16
1050,Agent_097,post_34653b4acc7b,like,1211,2025-11-08 02:22:19
1051,Agent_097,post_d1236b8f6592,like,1214,2025-11-08 02:23:38
1052,Agent_097,reshare_8d3a762bf169,like,1221,2025-11-08 02:23:53
1053,Agent_064,post_dddc73397c22,like,1222,2025-11-08 02:23:55
1054,Agent_027,reshare_cae840b7b317,like,1223,2025-11-08 02:23:56
1055,Agent_063,post_0af091a9dc47,like,1232,2025-11-08 02:25:23
1056,Agent_161,reshare_3f6229b9eb36,like,1236,2025-11-08 02:25:32
1057,Agent_097,post_9a1fe2df73c6,like,1237,2025-11-08 02:25:34
1058,Agent_011,post_7c22d579a3d5,like,1238,2025-11-08 02:25:36
1059,Agent_063,post_90c9936ce72d,like,1244,2025-11-08 02:27:20
1060,Agent_097,reshare_90582f79cfb5,like,1250,2025-11-08 02:27:32
1061,Agent_011,post_c963b53540e4,like,1264,2025-11-08 02:29:55
1062,Agent_070,post_d3fe152aca2a,like,1283,2025-11-08 02:34:57
1063,Agent_174,campaign_campaign_hope_Agent_174,like,1296,2025-11-08 02:36:42
1064,Agent_177,post_2c40a53b2616,like,1298,2025-11-08 02:36:44
1065,Agent_137,post_ff8fd024275f,like,1313,2025-11-08 02:41:54
1066,Agent_036,post_613b778bd4a9,like,1315,2025-11-08 02:41:58
1067,Agent_053,post_d11c2f05d91c,like,1315,2025-11-08 02:41:58
1068,Agent_063,post_066a5a34b489,like,1315,2025-11-08 02:41:58
1069,Agent_161,post_549fb457e9ec,like,1318,2025-11-08 02:42:05
1070,Agent_053,post_ff8fd024275f,like,1321,2025-11-08 03:29:13
1071,Agent_063,post_951934221cc5,like,1321,2025-11-08 03:29:13
1072,Agent_161,post_7c21cc9c1507,like,1334,2025-11-08 03:30:51
1073,Agent_097,post_adbf87ec6e74,like,1339,2025-11-08 03:31:04
1074,Agent_174,post_10ac5e559a1c,like,1342,2025-11-08 03:31:13
1075,Agent_163,post_10ac5e559a1c,like,1343,2025-11-08 03:31:15
1076,Agent_041,post_2ed91f5be2d7,like,1346,2025-11-08 03:31:24
1077,Agent_082,post_6c66b6dba05d,like,1348,2025-11-08 03:31:29
1078,Agent_070,post_02d1cbb72091,like,1349,2025-11-08 03:31:31
1079,Agent_062,post_939d06f48bb9,like,1352,2025-11-08 03:31:39
1080,Agent_176,post_02d1cbb72091,like,1352,2025-11-08 03:31:39
1081,Agent_041,post_8f472d430c35,like,1355,2025-11-08 03:31:47
1082,Agent_177,post_f83e2ec8d2ab,like,1355,2025-11-08 03:31:47
1083,Agent_082,post_fa6e59b6b941,like,1360,2025-11-08 03:31:58
1084,Agent_063,post_917f11e111d6,like,1366,2025-11-08 03:33:04
1085,Agent_177,post_c6ea19f9e695,like,1367,2025-11-08 03:33:06
1086,Agent_036,post_f10a06a3c6f9,like,1375,2025-11-08 03:33:24
1087,Agent_070,post_25b489c855ef,like,1381,2025-11-08 03:33:37
1088,Agent_094,post_10ac5e559a1c,like,1381,2025-11-08 03:33:37
1089,Agent_176,post_25b489c855ef,like,1385,2025-11-08 03:33:52
1090,Agent_174,post_bc20c60bf0e4,like,1386,2025-11-08 03:33:55
1091,Agent_035,post_25b489c855ef,like,1387,2025-11-08 03:33:58
1092,Agent_094,post_a007d4828072,like,1390,2025-11-08 03:34:07
1093,Agent_140,post_a007d4828072,like,1390,2025-11-08 03:34:07
1094,Agent_174,post_a007d4828072,like,1390,2025-11-08 03:34:07
1095,Agent_062,post_a0928a89de7d,like,1393,2025-11-08 03:34:18
1096,Agent_174,post_abaa44dc9108,like,1394,2025-11-08 03:34:20
1097,Agent_140,post_abaa44dc9108,like,1396,2025-11-08 03:35:02
1098,Agent_062,post_f86dfa2ccda9,like,1399,2025-11-08 03:35:10
1099,Agent_140,post_944e2f24f8da,like,1399,2025-11-08 03:35:10
1100,Agent_191,post_c3dcf9f55ffe,like,1399,2025-11-08 03:35:10
1101,Agent_174,post_944e2f24f8da,like,1402,2025-11-08 03:35:21
1102,Agent_094,post_944e2f24f8da,like,1403,2025-11-08 03:35:24
1103,Agent_070,post_23658ffcf8e2,like,1406,2025-11-08 03:35:36
1104,Agent_119,post_516f474a2d93,like,1409,2025-11-08 03:35:47
1105,Agent_063,post_fc9a933b6c7a,like,1411,2025-11-08 03:35:54
1106,Agent_063,post_913b3a05db98,like,1412,2025-11-08 03:35:56
1107,Agent_133,post_516f474a2d93,like,1415,2025-11-08 03:36:05
1108,Agent_070,post_ab1c09094cd0,like,1416,2025-11-08 03:36:09
1109,Agent_062,post_54101e777dcf,like,1419,2025-11-08 03:36:16
1110,Agent_063,post_de13973cdc40,like,1420,2025-11-08 03:36:18
1111,Agent_191,post_fb93933ef0e0,like,1421,2025-11-08 03:36:20
1112,Agent_133,campaign_campaign_fear_Agent_133,like,1422,2025-11-08 03:36:25
1113,Agent_063,post_4bdf89464a42,like,1429,2025-11-08 03:36:40
1114,Agent_062,post_7d074914630b,like,1431,2025-11-08 03:37:10
1115,Agent_177,post_9456e37be335,like,1432,2025-11-08 03:37:14
1116,Agent_175,post_7d074914630b,like,1433,2025-11-08 03:37:15
1117,Agent_062,post_b2e4ffa269ef,like,1434,2025-11-08 03:37:19
1118,Agent_070,post_40b70dff12b1,like,1435,2025-11-08 03:37:20
1119,Agent_086,post_a36ea7576f8d,like,1448,2025-11-08 03:37:52
1120,Agent_062,post_59648d526dd5,like,1449,2025-11-08 03:37:55
1121,Agent_063,post_8664fb3b9776,like,1453,2025-11-08 03:38:04
1122,Agent_175,post_59648d526dd5,like,1453,2025-11-08 03:38:04
1123,Agent_174,post_d28c5929c317,like,1454,2025-11-08 03:38:06
1124,Agent_170,post_4e96140a3644,like,1456,2025-11-08 03:38:10
1125,Agent_063,post_44720c0f55cb,like,1460,2025-11-08 03:38:19
1126,Agent_048,post_8a7ae56ff23c,like,1461,2025-11-08 03:38:22
1127,Agent_086,post_fe89d82a783c,like,1463,2025-11-08 03:38:26
1128,Agent_048,post_2ea05a6b8a9e,like,1464,2025-11-08 03:38:29
1129,Agent_170,post_627f0c2f9528,like,1465,2025-11-08 03:38:30
1130,Agent_053,post_8a7ae56ff23c,like,1466,2025-11-08 03:38:32
1131,Agent_063,post_c230925f5685,like,1466,2025-11-08 03:38:32
1132,Agent_063,post_a5cefd0b0d63,like,1467,2025-11-08 03:38:36
1133,Agent_048,post_d25753cae4db,like,1468,2025-11-08 03:38:38
1134,Agent_062,post_a111c44b02c6,like,1470,2025-11-08 03:38:42
1135,Agent_070,post_816eaa52b343,like,1471,2025-11-08 03:38:44
1136,Agent_175,post_a111c44b02c6,like,1472,2025-11-08 03:38:46
1137,Agent_036,post_5af6334352ef,like,1473,2025-11-08 03:38:49
1138,Agent_170,post_ac83432e049f,like,1474,2025-11-08 03:38:51
1139,Agent_117,post_35c56c98af93,like,1477,2025-11-08 03:38:57
1140,Agent_174,post_f52c5084650f,like,1478,2025-11-08 03:39:00
1141,Agent_048,post_a491e7a8f091,like,1479,2025-11-08 03:39:03
1142,Agent_170,post_35c56c98af93,like,1480,2025-11-08 03:39:05
1143,Agent_184,post_d348a3e3eba1,like,1481,2025-11-08 03:39:49
1144,Agent_036,post_6ae123997553,like,1482,2025-11-08 03:39:53
1145,Agent_048,post_ee25ef21b5de,like,1482,2025-11-08 03:39:53
1146,Agent_063,post_143458c42897,like,1483,2025-11-08 03:39:55
1147,Agent_170,post_0d40dfde359f,like,1484,2025-11-08 03:39:56
1148,Agent_048,post_69d000f40639,like,1488,2025-11-08 03:40:06
1149,Agent_086,post_a509bdcef2d0,like,1489,2025-11-08 03:40:08
1150,Agent_062,post_11be150b449d,like,1490,2025-11-08 03:40:09
1151,Agent_177,post_336a9e114dc3,like,1498,2025-11-08 03:40:27
1152,Agent_170,post_27910d2747c1,like,1499,2025-11-08 03:40:28
1153,Agent_185,post_0ecf0b41276d,like,1499,2025-11-08 03:40:28
1154,Agent_170,post_a142d1979513,like,1501,2025-11-08 03:40:33
1155,Agent_184,post_edbd1d68e424,like,1504,2025-11-08 03:40:40
1156,Agent_048,post_67d9161c2dce,like,1506,2025-11-08 03:40:45
1157,Agent_062,post_f360b02b48aa,like,1509,2025-11-08 03:40:53
1158,Agent_175,post_0e92b3a64b5d,like,1510,2025-11-08 03:40:55
1159,Agent_184,post_f360b02b48aa,like,1513,2025-11-08 03:41:02
1160,Agent_094,campaign_campaign_hope_Agent_094,like,1515,2025-11-08 03:41:07
1161,Agent_175,post_f360b02b48aa,like,1519,2025-11-08 03:41:17
1162,Agent_143,post_36da6e88bd5a,like,1520,2025-11-08 03:41:18
1163,Agent_038,post_a18ff47a9952,like,1523,2025-11-08 03:41:26
1164,Agent_175,post_814294606710,like,1523,2025-11-08 03:41:26
1165,Agent_199,post_02aa70616a0a,like,1529,2025-11-08 03:42:23
1166,Agent_048,post_857c3ca1dd89,like,1531,2025-11-08 03:42:28
1167,Agent_199,post_81428871989b,like,1532,2025-11-08 03:42:30
1168,Agent_199,post_beaa1193494a,like,1536,2025-11-08 03:42:40
1169,Agent_063,post_e8f6f3f65278,like,1546,2025-11-08 03:43:02
1170,Agent_143,post_220fab36162f,like,1549,2025-11-08 03:43:09
1171,Agent_184,post_64afe292aa42,like,1550,2025-11-08 03:43:11
1172,Agent_038,post_cad76072be09,like,1561,2025-11-08 03:43:35
1173,Agent_185,post_7aba89005e23,like,1561,2025-11-08 03:43:35
1174,Agent_070,post_0ab0bdc0e508,like,1564,2025-11-08 03:43:41
1175,Agent_038,post_9e370443dffe,like,1568,2025-11-08 03:43:50
1176,Agent_170,post_7a87792d791b,like,1574,2025-11-08 03:44:06
1177,Agent_185,post_588bada72703,like,1577,2025-11-08 03:44:12
1178,Agent_184,post_f1dd13bb1cd9,like,1582,2025-11-08 03:44:23
1179,Agent_038,post_eed496a84180,like,1583,2025-11-08 03:44:25
1180,Agent_175,post_f1dd13bb1cd9,like,1583,2025-11-08 03:44:25
1181,Agent_170,post_79a141dc5e41,like,1586,2025-11-08 03:45:33
1182,Agent_170,post_7662af92a2b7,like,1589,2025-11-08 03:45:39
1183,Agent_053,post_04e72de15ab6,like,1591,2025-11-08 03:45:45
1184,Agent_180,post_a36c4ea9f6b4,like,1591,2025-11-08 03:45:45
1185,Agent_038,post_71a540f66e68,like,1594,2025-11-08 03:45:51
1186,Agent_185,post_775f5d1d97e0,like,1594,2025-11-08 03:45:51
1187,Agent_175,post_3d35c49b527b,like,1595,2025-11-08 03:45:53
1188,Agent_000,post_018c63256ee6,like,1598,2025-11-08 03:46:00
1189,Agent_038,post_19d9bc833841,like,1598,2025-11-08 03:46:00
1190,Agent_000,post_751f9065a04b,like,1604,2025-11-08 03:46:12
1191,Agent_143,post_c866f419e133,like,1605,2025-11-08 03:46:16
1192,Agent_170,post_f07747b8ff5a,like,1606,2025-11-08 03:46:17
1193,Agent_184,post_49bbe4825cd9,like,1607,2025-11-08 03:46:19
1194,Agent_038,post_7f97e20e715f,like,1609,2025-11-08 03:46:24
1195,Agent_175,post_49bbe4825cd9,like,1610,2025-11-08 03:46:25
1196,Agent_175,post_cbce9e9ec32a,like,1619,2025-11-08 03:46:44
1197,Agent_044,post_546a889fed27,like,1621,2025-11-08 03:46:49
1198,Agent_000,post_46c634713ba6,like,1624,2025-11-08 03:46:56
1199,Agent_070,post_83a18864e47c,like,1625,2025-11-08 03:46:58
1200,Agent_175,post_97d0e0407baa,like,1625,2025-11-08 03:46:58
1201,Agent_070,post_046d2ebd42e8,like,1627,2025-11-08 03:47:03
1202,Agent_044,post_83a18864e47c,like,1628,2025-11-08 03:47:04
1203,Agent_143,post_c65d70086684,like,1632,2025-11-08 03:47:14
1204,Agent_170,post_ff9b50b3fa97,like,1633,2025-11-08 03:47:16
1205,Agent_118,post_046d2ebd42e8,like,1636,2025-11-08 03:47:22
1206,Agent_175,post_93956e8dacf9,like,1639,2025-11-08 03:47:28
1207,Agent_184,post_93956e8dacf9,like,1642,2025-11-08 03:47:35
1208,Agent_074,post_b7b054f49032,like,1646,2025-11-08 03:47:43
1209,Agent_101,post_5e2e0e01eb78,like,1646,2025-11-08 03:47:43
1210,Agent_000,post_a966bd4a2f84,like,1647,2025-11-08 03:47:46
1211,Agent_105,post_69dbd63d99d8,like,1651,2025-11-08 03:47:54
1212,Agent_000,post_2dfc73424c9f,like,1652,2025-11-08 03:47:56
1213,Agent_035,post_69dbd63d99d8,like,1652,2025-11-08 03:47:56
1214,Agent_175,post_23bee0e449b5,like,1652,2025-11-08 03:47:56
1215,Agent_044,post_b7b054f49032,like,1654,2025-11-08 03:48:00
1216,Agent_101,campaign_campaign_hope_Agent_101,like,1658,2025-11-08 03:48:09
1217,Agent_000,post_381a093b3a1d,like,1659,2025-11-08 03:48:11
1218,Agent_184,post_381a093b3a1d,like,1660,2025-11-08 03:48:13
1219,Agent_000,post_b36d082950d5,like,1663,2025-11-08 03:48:20
1220,Agent_053,post_518068f8f661,like,1663,2025-11-08 03:48:20
1221,Agent_175,post_839bd34febfe,like,1664,2025-11-08 03:48:21
1222,Agent_000,post_518068f8f661,like,1668,2025-11-08 03:48:32
1223,Agent_071,post_b7b054f49032,like,1669,2025-11-08 03:48:34
1224,Agent_175,post_2b2cceca0d25,like,1672,2025-11-08 03:48:40
1225,Agent_000,post_be6a808a899a,like,1674,2025-11-08 03:48:45
1226,Agent_184,post_ac76292a479f,like,1678,2025-11-08 03:48:53
1227,Agent_151,post_381a093b3a1d,like,1679,2025-11-08 03:48:55
1228,Agent_175,post_ac76292a479f,like,1679,2025-11-08 03:48:55
1229,Agent_184,post_6543e1458e71,like,1679,2025-11-08 03:48:55
1230,Agent_175,post_6543e1458e71,like,1682,2025-11-08 03:49:03
1231,Agent_000,post_349035544af3,like,1683,2025-11-08 03:49:05
1232,Agent_053,post_349035544af3,like,1685,2025-11-08 03:49:15
1233,Agent_093,post_4fedc0a9e36f,like,1685,2025-11-08 03:49:15
1234,Agent_074,post_4fedc0a9e36f,like,1686,2025-11-08 04:04:18
1235,Agent_044,post_4fedc0a9e36f,like,1687,2025-11-08 04:04:20
1236,Agent_071,post_4fedc0a9e36f,like,1687,2025-11-08 04:04:20
1237,Agent_070,post_4fedc0a9e36f,like,1688,2025-11-08 04:04:22
1238,Agent_184,post_2f6e7d59863b,like,1691,2025-11-08 04:04:29
1239,Agent_143,post_663a6603200f,like,1695,2025-11-08 04:04:39
1240,Agent_070,post_d73a3f234a20,like,1696,2025-11-08 04:04:41
1241,Agent_074,reshare_d918f6cf36a8,like,1701,2025-11-08 04:04:52
1242,Agent_053,post_784afddf2af9,like,1706,2025-11-08 04:05:03
1243,Agent_070,post_7346c1dfc97f,like,1706,2025-11-08 04:05:03
1244,Agent_044,post_7346c1dfc97f,like,1709,2025-11-08 04:05:09
1245,Agent_074,post_7346c1dfc97f,like,1710,2025-11-08 04:05:12
1246,Agent_053,post_6124966989a9,like,1712,2025-11-08 04:05:16
1247,Agent_070,post_fe733f85eca5,like,1712,2025-11-08 04:05:16
1248,Agent_074,post_9c5d40de48db,like,1713,2025-11-08 04:05:19
1249,Agent_120,post_8b0014a69d75,like,1713,2025-11-08 04:05:19
1250,Agent_044,post_9c5d40de48db,like,1714,2025-11-08 04:05:21
1251,Agent_070,post_9c5d40de48db,like,1714,2025-11-08 04:05:21
1252,Agent_071,post_9c5d40de48db,like,1714,2025-11-08 04:05:21
1253,Agent_093,post_9c5d40de48db,like,1714,2025-11-08 04:05:21
1254,Agent_075,post_9c5d40de48db,like,1715,2025-11-08 04:05:23
1255,Agent_105,post_8b22a5355c60,like,1719,2025-11-08 04:05:32
1256,Agent_070,reshare_2913116d98d6,like,1723,2025-11-08 04:05:41
1257,Agent_184,post_3787c1056da0,like,1727,2025-11-08 04:05:49
1258,Agent_074,post_c1e6a0dbf1ab,like,1728,2025-11-08 04:05:52
1259,Agent_118,post_c1e6a0dbf1ab,like,1729,2025-11-08 04:05:54
1260,Agent_070,post_c1e6a0dbf1ab,like,1730,2025-11-08 04:05:56
1261,Agent_184,post_1580b61fe248,like,1730,2025-11-08 04:05:56
1262,Agent_184,reshare_abbf7bf3ea48,like,1735,2025-11-08 04:06:07
1263,Agent_044,post_c1e6a0dbf1ab,like,1736,2025-11-08 04:06:09
1264,Agent_044,post_b4a46a5e6091,like,1738,2025-11-08 04:06:14
1265,Agent_070,post_d88eee186a64,like,1741,2025-11-08 04:06:20
1266,Agent_070,post_37ade87232c7,like,1744,2025-11-08 04:06:27
1267,Agent_074,post_37ade87232c7,like,1746,2025-11-08 04:06:33
1268,Agent_044,post_37ade87232c7,like,1747,2025-11-08 04:06:35
1269,Agent_059,post_37ade87232c7,like,1748,2025-11-08 04:06:37
1270,Agent_071,post_37ade87232c7,like,1748,2025-11-08 04:06:37
1271,Agent_000,post_f52f811d2fcf,like,1751,2025-11-08 04:07:21
1272,Agent_074,post_9b9f40398ae6,like,1752,2025-11-08 04:07:23
1273,Agent_070,post_9b9f40398ae6,like,1753,2025-11-08 04:07:25
1274,Agent_184,reshare_d95edd64f754,like,1753,2025-11-08 04:07:25
1275,Agent_070,post_468e160f6bcb,like,1754,2025-11-08 04:07:27
1276,Agent_014,post_435dc2aac067,like,1758,2025-11-08 04:07:37
1277,Agent_070,post_a70523952106,like,1759,2025-11-08 04:07:39
1278,Agent_000,post_f8fbef492a43,like,1760,2025-11-08 04:07:40
1279,Agent_044,post_9b9f40398ae6,like,1763,2025-11-08 04:07:47
1280,Agent_014,post_dd1c0a33a6ae,like,1771,2025-11-08 04:08:05
1281,Agent_183,post_435dc2aac067,like,1772,2025-11-08 04:08:07
1282,Agent_014,post_75f40bdf38ea,like,1773,2025-11-08 04:08:10
1283,Agent_014,post_b9840b0730c5,like,1779,2025-11-08 04:08:24
1284,Agent_151,post_b9840b0730c5,like,1782,2025-11-08 04:08:30
1285,Agent_014,post_6f8668a102f5,like,1788,2025-11-08 04:08:42
1286,Agent_120,post_8d293374e99a,like,1788,2025-11-08 04:08:42
1287,Agent_014,post_ddd80cab2c6d,like,1794,2025-11-08 04:08:56
1288,Agent_014,post_8893464689f1,like,1796,2025-11-08 04:08:59
1289,Agent_079,post_8d293374e99a,like,1796,2025-11-08 04:08:59
1290,Agent_044,post_b12fa6cacd96,like,1798,2025-11-08 04:09:56
1291,Agent_053,post_fbf6158f2fb6,like,1804,2025-11-08 04:10:11
1292,Agent_000,post_16091a374fe2,like,1813,2025-11-08 04:10:31
1293,Agent_053,post_bd8735ec00d7,like,1813,2025-11-08 04:10:31
1294,Agent_079,post_52b07d243c58,like,1816,2025-11-08 04:10:37
1295,Agent_045,post_65897d205a7d,like,1817,2025-11-08 04:10:39
1296,Agent_014,post_30a5a31d91e8,like,1821,2025-11-08 04:10:47
1297,Agent_045,post_2378d9fef17d,like,1824,2025-11-08 04:10:54
1298,Agent_014,post_55424b7aea10,like,1825,2025-11-08 04:10:56
1299,Agent_131,campaign_campaign_hope_Agent_131,like,1826,2025-11-08 04:10:58
1300,Agent_014,post_4caecc5ca79e,like,1830,2025-11-08 04:11:07
1301,Agent_151,post_4caecc5ca79e,like,1831,2025-11-08 04:11:10
1302,Agent_000,post_a5940fabc106,like,1837,2025-11-08 04:11:42
1303,Agent_184,post_92fc3f549f94,like,1838,2025-11-08 04:11:44
1304,Agent_053,post_c9dddcffe70c,like,1840,2025-11-08 04:11:49
1305,Agent_045,post_4b1caf05f499,like,1842,2025-11-08 04:11:53
1306,Agent_014,post_110c93e2fa82,like,1854,2025-11-08 04:12:20
1307,Agent_045,post_358ea6678a2e,like,1854,2025-11-08 04:12:20
1308,Agent_041,post_42f2aa5fa81d,like,1858,2025-11-08 04:12:28
1309,Agent_041,post_a39beedba386,like,1862,2025-11-08 04:12:36
1310,Agent_075,post_40bb7e9c834a,like,1862,2025-11-08 04:12:36
1311,Agent_163,post_ba9f76750651,like,1864,2025-11-08 04:12:40
1312,Agent_127,post_40bb7e9c834a,like,1865,2025-11-08 04:12:42
1313,Agent_151,post_7f896eb68c4d,like,1868,2025-11-08 04:12:49
1314,Agent_138,post_92fc3f549f94,like,1870,2025-11-08 04:12:54
1315,Agent_163,post_2f9e527c97fa,like,1870,2025-11-08 04:12:54
1316,Agent_014,post_7f896eb68c4d,like,1872,2025-11-08 04:12:58
1317,Agent_014,post_a27fc276ebdd,like,1873,2025-11-08 04:13:00
1318,Agent_151,post_2f9e527c97fa,like,1873,2025-11-08 04:13:00
1319,Agent_053,post_fcf4ad7a50c9,like,1879,2025-11-08 04:13:13
1320,Agent_000,post_e64bf66dafe8,like,1880,2025-11-08 04:13:15
1321,Agent_126,post_a27fc276ebdd,like,1885,2025-11-08 04:13:26
1322,Agent_000,post_c98f9f2eb18f,like,1889,2025-11-08 04:13:35
1323,Agent_163,post_ec60078ad7f4,like,1892,2025-11-08 04:13:41
1324,Agent_177,post_862078a93fb9,like,1909,2025-11-08 04:15:26
1325,Agent_189,post_862078a93fb9,like,1909,2025-11-08 04:15:26
1326,Agent_000,reshare_f35e23262738,like,1915,2025-11-08 04:15:42
1327,Agent_131,post_d8de28eea946,like,1916,2025-11-08 04:15:44
1328,Agent_163,reshare_f35e23262738,like,1918,2025-11-08 04:15:50
1329,Agent_184,post_e50e7218271c,like,1919,2025-11-08 04:15:53
1330,Agent_051,post_5fa1ff791fdf,like,1921,2025-11-08 04:15:58
1331,Agent_189,post_cb6f3fc73e46,like,1924,2025-11-08 04:16:07
1332,Agent_131,post_d830aa6fde02,like,1925,2025-11-08 04:16:10
1333,Agent_177,post_cb6f3fc73e46,like,1927,2025-11-08 04:16:16
1334,Agent_177,post_19d1454fb78e,like,1930,2025-11-08 04:16:23
1335,Agent_189,post_1fc6b2263dd1,like,1930,2025-11-08 04:16:23
1336,Agent_177,post_1fc6b2263dd1,like,1933,2025-11-08 04:16:30
1337,Agent_000,post_ce4cc3ab49c6,like,1936,2025-11-08 04:16:37
1338,Agent_189,post_fa8c2ba23a0f,like,1939,2025-11-08 04:16:44
1339,Agent_000,post_e48d1918c371,like,1942,2025-11-08 04:16:52
1340,Agent_177,post_fa8c2ba23a0f,like,1942,2025-11-08 04:16:52
1341,Agent_053,post_02b8477f2d43,like,1945,2025-11-08 04:17:02
1342,Agent_163,post_6a081bbc0acd,like,1949,2025-11-08 04:17:12
1343,Agent_126,post_7f896eb68c4d,like,1950,2025-11-08 04:17:15
1344,Agent_171,post_c5fe8019d42d,like,1951,2025-11-08 04:17:18
1345,Agent_053,post_4a4e1d9a2dea,like,1952,2025-11-08 04:17:20
1346,Agent_131,post_c5fe8019d42d,like,1952,2025-11-08 04:17:20
1347,Agent_171,post_cd5bf8854b47,like,1954,2025-11-08 04:17:25
1348,Agent_000,post_4dcc332d1145,like,1955,2025-11-08 04:17:27
1349,Agent_189,post_c6a24c143dd1,like,1957,2025-11-08 04:17:33
1350,Agent_131,post_cd5bf8854b47,like,1960,2025-11-08 04:17:41
1351,Agent_177,post_43afc6e5262b,like,1960,2025-11-08 04:17:41
1352,Agent_189,post_43afc6e5262b,like,1961,2025-11-08 04:17:46
1353,Agent_131,reshare_d5ef5889e161,like,1964,2025-11-08 04:17:54
1354,Agent_171,reshare_d5ef5889e161,like,1964,2025-11-08 04:17:54
1355,Agent_014,post_6172b303631a,like,1966,2025-11-08 04:17:59
1356,Agent_171,post_f9850cd18ae0,like,1969,2025-11-08 04:18:07
1357,Agent_053,post_55a1967b2874,like,1970,2025-11-08 04:18:08
1358,Agent_126,post_6172b303631a,like,1970,2025-11-08 04:18:08
1359,Agent_189,post_76c679ecb176,like,1972,2025-11-08 04:18:14
1360,Agent_171,reshare_f55f2fb6cd31,like,1975,2025-11-08 04:18:21
1361,Agent_177,post_76c679ecb176,like,1978,2025-11-08 04:19:30
1362,Agent_171,post_fbfe29c44162,like,1981,2025-11-08 04:19:40
1363,Agent_177,post_d58f23778689,like,1981,2025-11-08 04:19:40
1364,Agent_189,post_dddd44ba6ded,like,1981,2025-11-08 04:19:40
1365,Agent_131,post_fbfe29c44162,like,1982,2025-11-08 04:19:42
1366,Agent_189,post_d58f23778689,like,1982,2025-11-08 04:19:42
1367,Agent_053,post_ce20a946b4ab,like,1985,2025-11-08 04:19:50
1368,Agent_079,campaign_campaign_fear_Agent_079,like,1986,2025-11-08 04:19:53
1369,Agent_163,post_d1a6e51d8d22,like,1987,2025-11-08 04:19:58
1370,Agent_014,post_aa17d4de734b,like,1989,2025-11-08 04:20:04
1371,Agent_053,post_fa314ac3d5d3,like,1997,2025-11-08 04:20:25
